"region_walkscore_id","region_type_id","region_table_id","walk_score","transit_score","bike_score","jobs","population"
44620,6,12137,32.4767,,,29587.8,50913
44619,6,13415,27.9103,23.1063,32.7973,400891,601201
44618,6,6663,23.0423,,,27503.2,42517.9
44617,6,35937,65.3422,,,,41393.5
44616,6,35836,20.6671,,,1300.61,18452.7
44615,6,35864,41.0421,,,,16698.6
44614,6,35862,62.412,,,,17486.5
44613,6,35861,39.2326,,,,35830.8
44612,6,35857,37.6324,,,,53486.5
44611,6,35858,20.6853,,,,31611.8
44506,6,11746,34.252,25.2527,43.6967,180304,295383
1604,6,4901,25.3746,,,85907.5,189937
3857,6,3439,27.4154,,,7944.92,24078.2
1364,6,31219,43.3838,,,5976.38,19523.9
5327,6,15603,39.1855,,,41012.5,65148
4282,6,3672,77.7867,36.1023,,3233.28,19270.1
2978,6,7227,19.9436,,,9821.95,24461.5
2261,6,8152,64.8353,,,11871.5,17681.4
4750,6,16814,38.0361,,,28583.1,44376
1674,6,20205,21.6025,,,23646.1,65789.7
1204,6,26763,29.4034,,,9297.46,26786.3
903,6,15643,31.5438,,,6789.3,27452.8
835,6,13934,43.7183,27.9919,,92515.7,164260
2012,6,8714,21.5406,,,13267.6,29048.8
3045,6,35639,37.5373,,,138848,159387
14874,6,26798,28.8433,,,2237.62,20434.7
2587,6,6146,40.7679,26.7844,,,40462.4
1812,6,7123,39.993,,,12410,25446.3
796,6,12514,49.7303,,,22728.9,27292
4616,6,8873,19.6193,,,5836.86,16719.3
14177,6,514,65.481,34.3878,,48749,117924
4058,6,5984,27.9675,,,29417,81552.5
5234,6,3787,31.6885,,,61538.4,51040.3
4934,6,16951,25.8124,,,17693.2,18197.2
4988,6,9073,43.0308,,,35664.1,48507.4
1842,6,29488,12.1481,,,5553.97,23863.9
2512,6,17865,45.5851,,,26994.4,30150
5316,6,14426,41.7793,,,24396,25217.2
2650,6,16064,85.8193,62.4507,,,75448.8
3618,6,19360,57.7411,,,36330.8,62097.3
266,6,1823,34.8041,25.3228,28.5925,175338,212786
935,6,16938,73.0306,,,7923.5,23845.5
3582,6,30533,41.0372,,,6811.12,20705.9
1835,6,29486,42.2116,,,12103.1,16689
3794,6,19017,22.2861,,34.3245,143927,228366
2829,6,7030,29.2606,,,9592.67,21843.6
1000,6,19009,41.0062,28.2206,53.9137,96442.4,288846
15128,6,29773,65.2194,,,,42651.3
2799,6,373,10.9292,,,3604.82,30585.3
3791,6,18911,31.9197,,,28578.4,47674.1
3629,6,19803,49.8412,,,17555.6,26968.9
1755,6,2703,53.0582,,,9216.97,36602.7
1987,6,5031,58.59,,,19638,29538.1
5227,6,18823,41.0397,,,75329.2,161913
2759,6,14578,42.6001,,,17387.9,38065.1
4530,6,4290,21.908,,,2858.86,18916.3
5113,6,32349,21.6156,,,1027.19,20094.5
3363,6,29857,32.7061,,,6739.27,18548.9
898,6,15595,35.2053,29.4763,,18550.6,99461.7
1573,6,26328,32.9012,,,5661.78,21156.7
4776,6,18417,29.776,,,46952.4,66024.6
13922,6,26187,35.3328,,,57527.6,30386.8
1942,6,18387,34.5002,,44.0067,113249,114694
5223,6,18534,44.5677,44.7662,,44205.7,19325
4392,6,2220,23.7765,,,13427.2,26746.5
5248,6,20855,25.0136,,,8361.61,19665.1
13777,6,29448,32.3518,,,11017.1,17505.9
1659,6,18261,32.4397,,,21359.6,50350.9
1547,6,18142,48.9735,30.3024,53.2196,302205,335749
5112,6,22337,24.1628,,,1824.66,29931.9
4273,6,20873,54.3686,,,21958,29210.7
4840,6,6367,18.2413,,,5567.56,18075.3
2984,6,8906,26.2856,,,41489.3,116562
3036,6,16143,36.1062,,,13080.5,19385.7
3418,6,7020,65.434,,,12542.9,42661.7
3033,6,15658,27.1626,,,9164.9,29404.6
2335,6,9823,45.0411,,,25226.8,36607.2
5210,6,16163,72.8755,56.9662,62.9604,507408,608091
4207,6,22364,57.4335,,,4032.35,27752.9
2026,6,12409,23.4538,,,22287.9,35639.5
2019,6,10406,36.0424,42.2167,,49776.6,67130.3
4852,6,11116,29.1334,,,22616,66684.1
4983,6,32850,15.5031,,,2267.8,19180.5
2900,6,35716,32.5133,,,11379.1,23604.6
2047,6,19749,39.527,,,22554.5,31530.2
2636,6,29797,35.5486,,,,24499.8
1906,6,14204,76.2432,60.9481,,18192.6,51544.4
3937,6,12397,45.5628,,,15001.3,18672.9
1248,6,3344,43.3174,29.4615,,55890,106592
3688,6,5321,37.3241,,,12692.6,18389.1
4800,6,19395,37.5733,,,4383.17,23206.6
3961,6,14764,14.2786,,,6437.33,30424.2
2256,6,32073,6.18946,,,3842.79,26866.3
1809,6,6473,25.4017,,,12337.3,16800.8
2646,6,29605,39.2662,,,,26644.2
3329,6,18931,93.9968,80.1587,,11168.1,64844.9
4791,6,18889,31.0124,,,4724.39,18480.8
3925,6,12086,34.9385,,,5675.52,22899.4
1664,6,18668,32.805,,,16993.9,27856.7
3605,6,18606,60.3579,,49.4939,91874.4,145033
1839,6,9116,13.93,,,3244.2,24126.9
884,6,15390,37.7338,26.1331,,69150,165055
14655,6,23645,50.8553,,,3039.73,19919.9
4574,6,6567,44.496,,,64497.4,28891.9
2950,6,14337,32.607,,,23327.9,22449.8
3623,6,26428,53.3784,,,4865.84,18880
3472,6,10122,54.9539,,,14431.9,23711.7
2955,6,18974,20.8073,,,43644.1,34594.6
754,6,11203,66.2718,51.2844,56.0089,1678570,3787000
13805,6,3697,35.5353,,,40809.6,42701.7
2954,6,17946,27.0506,,,10690,23791.2
3875,6,6084,23.6984,,,5865.84,18617.9
4297,6,15272,77.5897,47.5998,66.89,111073,177627
4760,6,17582,24.4666,,,2576.77,32001.6
1662,6,17415,9.83659,,,4269.18,16883.2
2355,6,21236,14.1103,,,3576.75,23048.4
5032,6,17419,41.2586,,,69306.2,97152.5
1224,6,1000,23.8116,,,30373.2,17396.8
1518,6,25348,12.1928,,,3004.24,17030.2
14557,6,17675,59.1909,40.1601,,95661.3,116572
2951,6,14434,18.9577,,,14377.7,24941.9
4261,6,17652,57.7218,,,40791.7,75926.5
4568,6,6171,40.0199,,,274030,646907
5171,6,11701,27.946,,,4119.74,18376.7
1779,6,4805,32.277,,,19421.2,32579.8
2776,6,17753,16.9442,,,29759.8,23915.8
1925,6,16689,44.7692,,,18866.3,38809.1
5306,6,13291,43.016,,,18326.2,16969.3
5222,6,17887,52.5129,,48.8642,100551,198031
4402,6,4406,27.9891,,,27715.3,30392.1
3356,6,16268,13.4104,,,22275.7,87363.2
3001,6,10535,19.7947,,,35188,91135
701,6,10290,53.6819,,,5290.06,38934.1
264,6,814,26.47,,,24591,52918.7
3446,6,23454,36.1351,,,13110.8,18159
1330,6,23267,27.1285,,,8305.32,24098.6
4016,6,20634,27.2546,,,30489.1,35728.5
4197,6,1616,58.0918,,,34254.4,74631.4
2722,6,9234,80.7425,,,2981.16,22176.3
742,6,10744,54.7983,,,20959.9,61747.4
3534,6,13156,51.674,,,19113.8,50022.5
5094,6,31729,11.8265,,,642.487,16486.4
5228,6,19187,45.1646,,,14133.1,31373.8
3946,6,12783,31.4173,,,20171.4,48730.2
703,6,10297,21.7419,,,12482.7,37078.9
4994,6,24070,30.8628,,,12605,16651
3490,6,11166,73.8816,,,11487.2,19273.1
361,6,10002,15.6922,,,12990.2,52271.5
322,6,1249,25.5929,,,11238.5,75412.8
5007,6,33807,53.8367,,,17735.2,17291.6
841,6,14057,10.9013,,,3572.58,17444.4
2342,6,18386,39.3461,,,24032.6,24835.3
4192,6,1048,26.2106,,,3694.28,19677.9
14861,6,4257,54.6493,,,7228.62,19461.6
1797,6,5849,27.8029,,,13478.5,23989.8
3865,6,5413,46.2595,,45.982,81149.8,141994
1609,6,6147,18.2062,,,17814.8,29972.6
4112,6,6142,44.4811,35.7083,74.2541,83171.6,154650
4320,6,5660,23.0672,,,9746.07,19042.2
3919,6,10626,39.5195,,,19464.9,38256
750,6,10940,69.012,,66.4424,152987,462006
4165,6,30778,40.3618,29.6269,58.2636,87666.3,153647
5128,6,22651,26.4212,,,2821.34,17943.9
2299,6,15039,46.2595,,,10233.3,16276.6
4154,6,30772,63.9173,50.7896,71.9961,396143,583496
1989,6,5353,36.3708,,,36699.6,49881.8
5254,6,930,30.5764,,,30818,17047.2
3332,6,19265,25.7566,,,27271.9,60724.6
1268,6,4302,35.8381,,,45792,61096.5
4724,6,30861,41.5887,31.2687,,94754.7,99476.7
4743,6,16657,36.4854,36.3203,41.9633,648231,1326420
1780,6,4822,34.3182,,,8026.62,22059.4
1775,6,4532,22.1976,,,3958.61,20406.9
1773,6,4354,26.7812,,,1935.49,16161.4
581,6,4249,36.6976,18.2801,,57373.2,151868
2767,6,25204,19.5719,,,15352.1,21414.9
14870,6,25144,30.3184,,,3683.45,20281.4
4111,6,4092,47.5365,26.1058,,28574.5,53476
1770,6,4041,29.9591,,,9595.72,25193.9
4655,6,11171,29.7754,,,59514.2,80265.5
388,6,16270,26.4647,,,5385.21,25251.6
15279,6,15735,12.4489,,,3413.69,45260.7
3552,6,24808,57.7937,,,12972.7,32126
14769,6,14096,42.2115,,,26018,19507.5
4245,6,15502,78.3241,66.791,67.5371,666483,1524270
3628,6,30677,49.8412,,,17555.6,26968.9
3949,6,14305,44.8073,,,9905.55,16773.3
2987,6,9413,23.843,,,49833.1,43106.3
4079,6,13526,28.4375,,,44441.1,110982
5298,6,13085,37.64,,,4647.4,17432.9
2952,6,16057,29.1279,,,21783.4,24122.5
15248,6,25608,17.6813,,,6306.11,52260
1620,6,8993,33.0106,,,14164.9,23155.4
564,6,3494,41.3786,35.5079,45.7685,57862.2,243773
267,6,3459,23.9197,,,2559.44,16879.3
2055,6,603,29.1528,,,21441.4,45118.5
2471,6,24708,39.6634,,,4741.66,31303.2
1760,6,2941,26.1239,,,7257.51,36492.4
2079,6,9788,43.2092,,77.1858,54630.3,67573.6
1716,6,16610,21.5439,,,9589.34,27122.1
3077,6,2317,48.5232,,,27445.4,36742
1985,6,4184,27.1276,,,14420.3,27138.4
3861,6,4145,58.9096,47.1039,50.8038,275649,396598
2970,6,4058,29.2439,,53.2544,76301.8,108429
3536,6,24573,42.8501,,,3196.48,17580
5236,6,4048,37.6618,,,21082.7,16372.4
4397,6,3918,17.1575,,,38354,131913
1978,6,2173,20.2307,,,8673.13,20924.5
3860,6,3879,50.2251,43.1801,37.0069,211266,296565
1074,6,2025,57.8965,48.2869,86.153,77825.1,96697.5
1594,6,30756,48.3509,44.2711,49.8912,392388,419590
3021,6,24763,14.7761,,,5441.46,36182.1
2931,6,8621,23.4499,,,4133.73,26108
4476,6,1436,33.1983,,,4232.55,24196
769,6,11767,38.7726,,,19919.8,35574.6
3564,6,30483,53.7564,,,14371.3,19734.8
14293,6,25736,23.4244,,,10644,26315.2
4389,6,2149,4.19746,,,34209,37213
424,6,5434,29.2509,,,11905.6,18789.9
3320,6,18609,16.6372,,,9206.82,17973.2
5330,6,16237,9.64051,,,11307.4,20328.9
2460,6,11706,52.1097,,,13096.3,24818.8
2248,6,1336,40.0299,,47.0455,161689,228866
1571,6,19373,40.8962,,,74094.9,100121
3515,6,24323,45.1983,,,3453.21,19408.7
1767,6,3648,48.2495,,,12971.5,30061.4
3158,6,25785,42.2086,36.9889,,50471.7,177620
2888,6,35715,31.2225,,,45743.7,65296
4722,6,35689,33.7105,,,21983,53732.9
13912,6,24170,40.7226,,,10533.4,23439.5
1012,6,19798,31.6163,,39.6036,58088.4,126659
1583,6,19748,17.3722,,,3338.43,33013.4
1579,6,19740,26.3528,,,22420.4,34906.8
260,6,189,9.48267,,,9714.78,29942.6
2795,6,21108,60.5706,39.7926,,8667.7,19317
3360,6,18007,38.9584,,,49117.1,67943.7
4774,6,18102,23.4541,,,56596.7,79977.4
2790,6,20828,41.3602,,,10249,17553.8
3685,6,4909,28.4129,27.295,39.2042,141767,225060
15179,6,29926,28.4695,,,27053.2,36534.8
2609,6,29695,48.9473,,,,19740.2
1883,6,29500,16.3702,,,6808.54,18311.6
1068,6,21031,17.6119,,,4647.19,20658
2398,6,4846,49.319,,,25675.9,29857.3
3201,6,1973,43.9367,,,4645.88,24987.5
1749,6,29465,32.3904,,,28312.4,73124
1733,6,29462,21.386,,,6671.91,39797.1
1731,6,29459,40.1768,21.7854,,60157.4,195478
1276,6,4476,15.5734,,,4068.14,84456.7
1205,6,26793,52.5234,,,7807.21,17411.9
4879,6,15690,31.7074,,,6266.7,33483.4
3244,6,7806,54.7178,,,6097.23,18727.8
14730,6,25968,34.9297,38.7311,,18293.8,189156
4253,6,16032,58.4224,,,8904.29,22252.8
3939,6,12490,28.4611,,,14261,26222.4
1762,6,3210,49.5018,47.1656,,50351.5,80348.1
2946,6,13826,25.1824,,,7264.93,17365.1
2801,6,489,21.0221,,,13616.5,48969.7
2039,6,17480,21.5583,,,8514.07,28895.1
1516,6,15962,20.2548,,,8328.02,33942.6
2029,6,13386,34.7155,,,33486.8,69796.2
14865,6,12963,60.2572,,,20310.9,58400.1
1935,6,16911,40.4618,,,2905.66,27980.2
1476,6,14479,34.7033,,,54606.8,51773.2
5058,6,20418,32.5111,19.7057,45.8918,168657,437639
5192,6,13223,38.3391,35.3142,,49415.6,46428.4
2614,6,10142,65.553,49.4565,,,56381.7
2442,6,8865,41.5012,,52.2936,13119.1,22850.9
3379,6,2832,67.0607,50.3782,54.4979,143583,261170
1500,6,15203,13.668,,,24464.2,164360
352,6,6998,28.8004,14.5107,57.4723,41033.4,207773
2889,6,14828,46.8645,,,41342.3,44993.3
1578,6,19737,28.6309,,,9676.95,33581.2
3999,6,19256,26.3575,,,9239.07,18595.8
4639,6,10568,39.7486,,,82969.8,235151
1930,6,16775,22.4391,,,14902.8,39482.4
4913,6,16751,28.692,15.9472,,35862,72780.8
2981,6,8000,25.7101,,,16456.1,25557.5
4657,6,11455,37.4915,21.1144,46.6776,127430,229784
4032,6,21075,36.7111,,,31570.3,66916.9
2275,6,10392,40.6671,,,101134,118772
357,6,23055,10.1084,,,3358.16,21239
1384,6,11467,73.3524,52.623,,50502.2,86744.6
2027,6,12493,34.8986,,,18834.9,31209.1
4587,6,7054,20.1127,,,6619.35,35840.7
5045,6,19068,35.2657,,,11745.9,23699.4
672,6,8306,67.1459,,,22497,84802.3
4828,6,3598,31.9463,,,15679.1,29606.8
1727,6,285,35.9255,,,15280.9,27751
4119,6,7995,44.1074,38.8113,,33978.4,105394
544,6,2673,53.4408,38.5964,,22319.4,39367.5
300,6,17682,35.3912,,,9574.89,20627
2775,6,17662,18.0811,,,27921.7,70950.5
14886,6,23841,71.3995,,,2420.07,21907.3
615,6,5401,52.9538,,,3593.89,27174.1
519,6,1415,32.9496,,,11201.4,26936.3
3542,6,24589,55.2975,,,2587.1,19952.7
4344,6,8702,11.6838,,,21616.6,37150.5
1291,6,22447,12.5935,,,7741.26,22437
14589,6,11675,44.7725,,,3540.29,19687.2
3878,6,6612,38.7242,,,15955.1,48926.1
657,6,7193,72.2345,,,25222.2,57964.3
585,6,4539,61.2263,,,2808.61,23626.4
600,6,4756,34.7604,,,14981,52161.8
5079,6,1015,17.1409,,,5283,23025
931,6,16690,33.5975,,,18693.1,63105.9
3980,6,16127,37.3406,,,8780.02,20275
3054,6,16661,63.9404,45.1537,56.8763,232557,319372
1250,6,3362,21.4296,,,8176.67,28310
3191,6,538,72.2582,,,49512.3,39627.9
4287,6,5914,48.0887,29.3501,,21240.1,47082
2475,6,24983,20.7166,,,4934.14,24172.8
1116,6,10937,41.8587,38.1803,,89782.6,143020
712,6,9965,31.0608,,,14713.9,62720.3
3414,6,22661,58.0118,,,6310.67,33315.3
939,6,17176,26.3855,,,6502.52,44120.6
514,6,1328,59.2975,,,16500,76257.8
13758,6,22597,35.4502,,,6229.44,30954.6
853,6,14376,20.9858,,,6304.21,26043.5
3997,6,18995,19.4908,,,11742.4,34771.7
845,6,14294,26.959,,,27900.3,47797.4
4284,6,4953,49.1308,31.2246,,35250.7,80558.4
4387,6,937,15.492,,,16903.1,54141.5
4857,6,11698,38.7265,,,28695.2,47767.3
2669,6,19259,28.4935,,,,41026.1
314,6,6233,32.9602,,,23890.8,31415
4993,6,23682,40.4695,,,3179.05,16803
3306,6,16572,66.4471,,,4266.24,21587.3
3256,6,23620,54.5379,,,9883.39,53286.7
813,6,24586,22.7616,,,2273.15,16661
5074,6,680,23.4015,,,7874.42,17463.9
1939,6,18073,29.2793,,,5436.03,21522
1325,6,23141,26.1859,,,3052.81,22261.2
637,6,22674,43.7426,,,10307.6,47490.7
14682,6,22699,30.663,,,37646.3,45846.4
4500,6,2809,32.8863,,,32295.8,76000.7
2420,6,22828,35.4042,,,5874.35,39120
1586,6,81,22.1217,,,6836.11,19684.9
3990,6,18309,42.3016,,,7149.26,28699.9
402,6,18267,20.6904,,,13167.4,117046
1820,6,7583,37.4437,,,11403.1,33078.6
454,6,17619,24.8848,,,11427,29882.2
3132,6,5786,36.459,,,14002.2,18085.8
3142,6,10201,40.3745,33.3647,51.9566,219489,580138
5308,6,35759,61.1819,49.0629,,298087,593611
1596,6,21903,26.5898,,,1951.03,22788.4
2688,6,782,50.1174,47.221,73.7107,114072,112674
4044,6,35766,22.6924,,,17758.4,35254
5005,6,24355,22.7317,,,13028.5,48106.8
1777,6,4628,28.5556,,,20574.5,40697.1
5026,6,25657,36.8027,,,68461,58511.5
3049,6,16428,30.5296,,,32257.6,65604.9
2481,6,25106,24.1268,,,7399.29,33910
1786,6,4949,37.4303,,,16190.4,42622.2
4814,6,30854,15.9029,,,6944.15,41108.9
2497,6,25423,17.9566,,,13892.9,44924.9
4092,6,17107,32.2364,,,16103.2,29845.3
1677,6,31668,21.0453,,,6039.27,49942.1
1916,6,15005,54.0815,,,19644.1,37641.8
1915,6,29504,35.1952,,,4652.58,21209.6
2158,6,14509,36.0618,,,11279.8,20059.8
635,6,22672,71.5889,61.5213,,6469.09,63668.1
523,6,21531,27.4185,,,2364.87,23616.7
678,6,8536,83.9236,,,6031.87,19170.5
3873,6,6038,56.9704,57.3257,,3512.66,17799.6
687,6,9186,78.4421,53.1593,,14359.2,57694.2
936,6,17151,85.672,80.4425,75.1174,589799,804533
268,6,5065,15.0948,,,9247.18,21026.5
833,6,24721,47.1021,,,5123.6,32344.1
2099,6,18687,40.5779,,,43990.1,82615.2
3827,6,674,40.7226,,,11653.6,20174.6
3327,6,18807,72.8703,,,38649.5,84345.2
1455,6,24801,29.1496,,,13254.1,57242.7
1443,6,24742,11.9692,,,4478.08,19876.2
4920,6,19397,22.6874,,,8010.65,31282.5
3546,6,24699,47.7388,,,2821.16,18274.3
4918,6,19102,32.8289,,,18418.7,58437.7
3540,6,24581,44.6913,,,4708.14,17468.8
2061,6,3748,36.2633,,,16778.4,26877.4
3521,6,24437,37.6295,,,11744.7,17761.4
1405,6,24430,13.4268,,,8273.25,39051.7
1646,6,15449,18.6925,,,16064.5,34242
1032,6,20371,41.6642,,,29665.1,115143
1484,6,14919,30.2878,,,15999.1,34844.9
4257,6,16305,74.3591,,,33941.7,88026.4
2893,6,15027,58.28,47.3663,62.1097,174840,284351
3840,6,1031,38.1994,,,9638.65,26230.1
1296,6,32500,11.2425,,,5713.38,27127.2
1712,6,14562,29.7044,,,27787.8,79575
850,6,14325,56.7003,35.8053,,89700.9,64512
1963,6,29520,41.935,,,24108.1,37273.6
4502,6,30835,26.5391,,,13284.4,36635.6
897,6,15550,48.332,,,8131.22,23802.5
3457,6,9667,67.2996,,,14030.3,29503.5
1442,6,13847,16.165,,,9077.39,32825
1911,6,14831,36.7312,,,23270,68162.3
2291,6,13834,32.578,,,9930.96,18269.6
1440,6,13697,21.0995,,,13483.5,38362
2935,6,9167,27.1525,,,114165,173352
3372,6,1730,54.4095,,,28959.4,47175.8
806,6,12914,45.4791,,64.5945,28320.1,75629.9
3649,6,20735,70.7465,53.3746,,53756.2,195661
13500,6,10476,44.6937,,,5853.8,25799.1
709,6,9948,42.6631,25.6122,,9037.39,22570.9
13647,6,24587,40.7849,,,3949.49,18896.9
1682,6,5851,31.3901,,,16420.5,26480.7
2137,6,9894,28.6086,,,12506.8,35129.4
2272,6,10034,44.0929,,,21081.7,66484.1
448,6,16168,37.4427,,,17601.9,22776.3
4965,6,3867,57.9178,37.383,,37816.6,43009.9
3982,6,16493,41.0963,,,11077.1,20131.5
4738,6,16441,24.4153,,,7528.16,19734.1
1450,6,14007,19.6315,,,30101.5,48942.2
1114,6,10652,38.1713,,,8426.39,23957.4
4561,6,5259,24.3303,,,3238.85,18653.2
674,6,8481,32.7557,,,19603.1,78305.6
1818,6,7590,47.2936,26.3055,,16169.2,27311.4
598,6,4690,44.6693,36.3092,89.3414,28364.8,63985.3
1834,6,8851,41.6218,29.1571,,14392.5,29831.1
3702,6,7161,28.8038,,39.5589,180702,267495
1222,6,709,50.0187,47.616,,20586.4,34943.2
1304,6,6298,39.4887,,,18719.7,19426.6
2545,6,26737,36.1181,,,3711.38,17471.3
5263,6,4654,44.8082,,,7416.24,18291.1
2824,6,5327,21.5059,,,4691.59,20825.2
2598,6,7887,54.9461,,,,39826.5
5202,6,14975,38.259,32.2769,,53584.2,90742.6
3909,6,9337,11.6915,,,11283.9,22227.1
13915,6,25566,24.5505,,,5730.98,17228.4
2622,6,11816,40.991,,69.2617,,28570
5204,6,25255,29.0765,,,4944.42,19896.3
646,6,6539,54.6445,,,29438.6,55051.1
3084,6,9065,49.7558,,,30544.4,27997.6
3184,6,12918,37.1932,,,50049.2,86082.1
4837,6,5372,14.6387,,,712.056,21342.3
2621,6,11619,52.294,49.9831,,,85245.1
526,6,2080,44.8079,,,7822.89,24466.9
4063,6,6157,30.1952,,,22580,49238.1
4609,6,8156,37.399,,,15833.4,42325.8
14503,6,7102,39.5817,29.2347,51.4363,67004.2,227282
4548,6,30794,45.4319,39.4795,43.6718,787965,1197970
3993,6,18673,45.5011,,,4655.71,22012.8
855,6,14399,61.6472,,,16954.6,53634.1
1787,6,5064,50.0909,,,40325.7,58783.6
503,6,1029,29.1358,,,4476.9,29403.1
2679,6,20420,55.6233,35.1825,,,180579
5082,6,1187,30.2448,,,3989.78,17467.7
262,6,476,23.9469,,,18668.6,23333
1411,6,12676,64.416,44.5672,,14002.5,58131.1
2462,6,24285,32.5395,,,2779.38,25533.3
918,6,16146,36.0191,18.199,,60266.7,117884
14881,6,10039,39.0146,,,31745.6,76957.4
3480,6,23925,53.4735,,,10607.5,51644.6
4903,6,18159,53.5329,,,32591.3,23708.4
4362,6,25703,20.5468,,,4884.14,19798.5
5274,6,6974,14.5611,,,11578.8,35586.4
3458,6,30245,67.2996,,,14030.3,29503.5
3668,6,3059,34.5434,40.8043,,47560.7,56977.9
5198,6,14662,40.4158,,,13560.3,29527.8
4373,6,12,37.0865,,,17298.3,25845.7
2318,6,26228,52.7656,,,4022.09,23186.6
5041,6,26030,28.815,,,12393.2,24466.7
3007,6,10699,23.6439,,,15448.1,29154.2
3748,6,11076,10.3638,,,4716.61,22603.6
821,6,13547,30.2982,,,21108.3,51504.1
2466,6,24640,37.7753,,,8635.63,25154.8
483,6,645,52.316,,,28189.1,57085.2
3272,6,12345,69.9746,,,25744.8,18368.1
5197,6,14339,37.3616,,,9166.69,18945.7
330,6,21769,24.6053,,,15698.3,66232.1
2439,6,23232,33.8766,,,38085.2,67513.4
2839,6,10305,21.1007,,,32347.6,38481
1305,6,22684,54.1433,44.4885,,13224.5,60055.6
478,6,588,39.2152,,,18855,101929
4611,6,8256,23.6067,,32.0434,5621.06,26347.1
1316,6,6980,33.8412,,,5460.37,36995.9
3109,6,5526,39.0481,,,12462.5,24697.7
575,6,3890,62.2637,,,28078.2,98313.2
324,6,2047,12.6146,,,5901.08,50808.5
4478,6,1588,29.3915,,,4857.98,17035.8
4156,6,15756,27.7746,,,9877.52,26024.3
5218,6,25634,22.5051,,,5041.89,27026.7
2617,6,29748,35.0335,,,,27364.5
1944,6,29514,33.1081,,,22263.9,32547.4
2091,6,12884,36.4634,,,18719.4,28014.7
550,6,21830,27.7313,,,2422.89,18751.4
2352,6,21217,41.3581,,,14817.9,20221.7
2037,6,15728,16.5491,,,13371.6,36700
5207,6,16010,38.4491,,,24645.4,27225.8
2139,6,9914,22.658,,,14850.8,32089.5
1154,6,4768,37.1033,,,42248.4,80785.7
3663,6,2348,31.6449,,,31509.6,49411.1
4960,6,21968,23.511,,,12887.6,24699.1
3313,6,25771,29.0176,,,4845.7,22049.7
996,6,18801,59.0257,,,7100.23,36957.1
1229,6,21436,13.8856,,,2151.61,23199.5
2959,6,21127,32.2806,,,4210.81,20540.2
2794,6,21105,35.4949,,,35950.2,72138.7
5362,6,20878,32.6656,,,15999,30539.9
278,6,11678,15.0025,,,14854.4,42459
3012,6,11891,21.3546,,,54021.9,27844.9
1854,6,10696,45.4232,,,8625.43,27633.6
4928,6,20656,34.7739,34.8236,,63422,129722
407,6,19459,41.2496,34.1697,67.8573,229723,520109
868,6,14890,37.4683,,,12860.5,62672.7
4788,6,18838,34.7594,,39.0495,79813.7,96653.5
2315,6,18731,28.5353,,,7574.33,20235
3641,6,30697,25.8776,,,18998.5,44769.9
265,6,1585,25.9532,,,16212.6,27614.1
1976,6,1558,40.262,33.2146,,48956.4,79904.8
413,6,1416,18.0351,,,10418.9,29890.4
11073,6,16793,30.175,,,4435.89,33609.6
3844,6,1516,33.2979,,,8191.17,18820.3
3103,6,4580,40.8517,,,11076.5,25802.5
1861,6,11322,43.4322,,,31218.3,42950.5
1739,6,1354,34.8762,,,10717.5,25036.9
982,6,18166,44.5359,,,4691.15,16874.9
2897,6,17815,44.23,35.4856,,7427.91,19364.2
876,6,15047,50.6317,34.8649,,48926.9,149059
3986,6,17276,28.838,,,5583.88,24994.5
3856,6,3101,47.6508,,,42107.6,73647.2
973,6,17911,43.1616,28.4968,,66611,165735
3196,6,970,79.6606,61.2853,,15202.1,62970.5
3218,6,4760,58.5006,,,2107.62,17196.6
3862,6,4153,53.0412,,,9129.06,46264.6
1202,6,26700,22.8819,,,16962.3,26373.9
926,6,16671,50.0756,,,12485.7,40704.5
3066,6,19768,9.01799,,,8425.93,27874.5
4475,6,30818,39.2296,33.5019,51.6601,607397,790195
4205,6,3444,64.5151,,,13927.8,33567.9
1614,6,22937,8.98079,,,9998.5,29128.7
621,6,22489,12.4129,,,10471.9,42106.3
14315,6,29623,27.2593,,,,18000.6
3361,6,245,64.6792,53.1264,,118638,97831.4
3434,6,8468,74.136,53.4323,,16933.5,53447
3713,6,7942,27.4401,,,39927.9,39040.8
2041,6,17726,34.2373,,,12127.1,18877.9
2057,6,2463,35.0539,,,13225.2,25603.2
925,6,16659,40.7891,37.6008,39.3385,101318,211497
4668,6,11570,40.8088,,,80700.5,129916
2038,6,16481,38.9621,,,21125,36529.2
359,6,9547,23.9245,,,12096.5,28016.2
4027,6,20975,32.2392,,,19215.4,25899.8
4877,6,15209,38.6592,18.8593,,4412.11,18045.8
1951,6,19606,29.9387,,,21587.4,24401.8
364,6,11323,11.7895,,,2261.03,42904.7
1893,6,13652,62.0985,,,20666,30462.8
4734,6,30862,18.844,,,9032.06,55233.3
2556,6,1005,23.1544,,,,45268.3
5199,6,14679,32.1493,,,22679.4,36960.6
856,6,14498,65.7062,,71.585,102805,137867
4869,6,14270,21.3432,,,1759.92,16849.8
376,6,14240,40.2803,32.1709,54.3047,827952,1442530
2825,6,5614,15.3449,,,6333.21,18305.8
3868,6,5535,25.7489,,,14672.8,34103.9
3017,6,13558,18.9457,,,4855.1,17974.9
1149,6,2070,67.534,,,43511.5,143480
537,6,2471,20.0199,,,14825.8,22382
2810,6,2794,16.9922,,,3535.82,22938.6
3286,6,14484,37.4051,,,43917.3,26524.9
1036,6,20583,42.7544,33.9519,,32506.4,93485.6
5135,6,31199,40.4969,,,6135.18,19262.5
4083,6,15469,30.8424,,,9843.42,25292.8
4199,6,2913,59.8691,,,13799.1,18358.4
5279,6,7928,39.896,27.9936,45.889,59990.6,104002
3292,6,15081,77.1984,,,14463.1,50790.3
1402,6,33787,11.1603,,,3662.33,31251.2
3672,6,3105,25.5222,,36.0527,491329,727822
2728,6,23628,17.9665,,,4374.67,23919.8
582,6,4306,61.7046,39.6103,,80789.5,109994
4990,6,9335,47.883,,,16488,23344.4
2581,6,29631,40.6674,,,,24872.3
4382,6,15282,36.3315,,45.9312,113434,153346
4578,6,22838,16.6089,,,6871.72,29518.7
4717,6,15025,31.7974,,,12697.6,22091.3
1913,6,14877,35.9706,,,5809.94,17179.6
1907,6,29503,27.4765,,,23968.3,56398.9
1908,6,14720,21.7688,,,8688.52,29810.4
2222,6,14534,28.1039,,,10538.2,26973.3
1472,6,14437,31.3307,,,41570.2,154456
1156,6,22280,26.7105,,,7633.83,20911.7
4150,6,14302,33.8809,,,13047,30979.9
1142,6,30850,36.3434,31.6946,,40834.4,105515
1640,6,14250,23.4842,,,11982.3,32518.7
2023,6,11384,49.2002,,,9562.64,18280.7
4978,6,5505,26.9633,,,23883.6,42895.3
14633,6,3447,22.9335,,,10345.7,74818.9
1692,6,16073,25.1065,,,8508.81,47383.6
5061,6,20687,30.4451,,,9771.92,20906.1
2034,6,14039,13.7444,,,18491.6,50706.3
4311,6,3478,38.8616,,,91569.7,121281
1490,6,34289,4.35548,,,1200.22,53126
3838,6,941,19.1798,,,6272.83,22416.5
3278,6,13740,59.9959,,,3190.47,21543.5
4122,6,23244,35.9694,,,4232.61,20101.4
5226,6,26094,14.298,,,2072.16,18927.7
2565,6,2332,49.6663,33.4044,,,93346.4
3353,6,8297,39.03,,,19784.3,33882.4
4504,6,21890,3.66534,,,1536.92,21251
3842,6,1250,15.5703,,,21625.6,45012.3
1743,6,1725,38.8899,,,15049.4,22083.1
14531,6,17173,34.303,,,4510.88,17661.8
1400,6,12171,34.871,,,24124.6,19776.6
961,6,17669,61.7288,,72.2793,51397.8,88266.3
4484,6,1901,50.9787,,,12843.8,16901.4
2122,6,6556,23.2654,,,4138.54,18657.7
4952,6,2526,29.1619,,,12928.7,17873.6
5018,6,25078,29.722,,,9184.45,33610.8
2817,6,3681,40.8858,,,4270.48,22036.2
4400,6,4308,23.1908,,,18025.1,34156.1
1702,6,6040,18.4788,,,4721.63,19641.9
1880,6,12788,20.7452,,,7728.53,18252.7
2639,6,14653,62.5456,53.0448,,,51780
4042,6,683,30.4495,,,18115.1,24229.7
5319,6,14599,17.9324,,,23986.1,39547.9
1176,6,13410,67.9094,,59.3007,82498.3,129515
3231,6,5779,57.902,42.1409,,11515.1,32331.9
815,6,13285,18.868,,,12083.6,27701.7
3655,6,555,35.595,19.5097,,75972.8,82083.4
1864,6,11659,20.5854,,,5348.09,23189.4
14869,6,23755,39.3972,,,3885.34,34357.3
1626,6,11301,26.57,,,19107,29408.9
2049,6,20556,48.8511,54.5985,,20896.2,29220.9
3992,6,18593,10.9818,,,25940.2,23309.6
2654,6,17155,58.2573,39.8243,,,152945
3126,6,9720,36.2572,,,10455.7,18539
2392,6,22168,54.008,,,4010.28,32755
2085,6,12685,30.8261,,,11570.9,34622.1
2053,6,477,39.9661,,,31794.6,58342.5
1998,6,7246,29.1064,,,25920.9,31250.9
2632,6,14424,59.1547,48.1327,,,92232.1
3803,6,5057,33.8149,,,11029.5,17616.1
1876,6,11650,26.4394,,,14536.8,26645.5
4614,6,8266,33.8165,,,40556.1,64904
3351,6,7265,26.3871,,,17319.9,21289.3
5314,6,14319,13.6896,,,5791.82,24145.2
2928,6,7572,22.7587,,,38139.7,67652.1
1040,6,20666,35.1386,,,6224.22,25116.1
3237,6,6627,76.0523,,,5624.13,30325.4
3112,6,6447,39.2874,,,19881.8,30396.7
3759,6,11321,24.9033,,,14783.1,16761.2
13734,6,30790,32.2932,,,20912.6,118535
618,6,5616,47.3818,,,21785.3,42141.9
1746,6,1756,60.4947,,,8288.5,22945.3
570,6,3714,35.108,,,6958.8,40670.2
3988,6,17437,43.6859,33.9188,,7755.59,20131.3
4977,6,4772,33.2991,,,10048.6,17109.9
272,6,6875,30.0266,,,24508.6,38868.1
3087,6,10220,40.7669,,,17400.9,19096.9
2618,6,29787,39.4772,,,,28967.6
3846,6,21561,29.5849,,,22343.2,35451.1
3693,6,6517,20.2375,,,5946.96,17254.4
2784,6,19876,33.6996,,,24637.5,62829.8
3323,6,26079,28.8454,,,37927.3,88446.4
3667,6,35713,25.7754,15.0676,,70622.2,132148
3118,6,8829,38.5162,,,13775.3,23803.5
4765,6,30852,14.3701,,,20992.5,26799.7
446,6,15859,25.1687,,,22433.3,27866.6
5054,6,26519,32.4459,,,13038.9,45244.6
1322,6,7649,68.873,38.0435,,53230.6,224149
485,6,648,46.036,,,9809.76,16840.1
4551,6,5059,32.2469,,,22179.4,32011
14926,6,21778,15.3377,,,1244.81,21807
2030,6,13393,35.8487,,,13628.7,23546.6
2778,6,17893,53.9399,,,30468.6,57334.2
468,6,148,79.8,,,3917.27,18097.4
1339,6,9126,29.2467,,,21838.5,54629.1
1557,6,26018,32.3472,,,39414.2,78437.2
1553,6,25980,42.4305,34.705,,7338.3,51159.4
4162,6,16309,40.7484,17.7483,,16960.9,20981.4
882,6,25104,4.37801,,,4341.88,17466.3
2224,6,15179,36.555,,,33318.9,54378.5
4418,6,10066,26.2825,13.617,,37820.6,48189.8
872,6,14983,48.0554,,,15708,33116.3
2814,6,3419,22.3745,,,21618.9,61220
3615,6,26300,62.4762,,,8569.89,24602.7
3674,6,3376,10.1914,,,6101.36,18040.5
2383,6,21891,20.0561,,,5254.72,19243.9
480,6,619,12.2204,17.5779,,12055.9,69087.4
4222,6,9718,45.0394,,,14325,20693.1
2375,6,21534,46.666,46.577,,74633,61781.1
411,6,21394,2.62788,,,1765.96,26212.7
5096,6,1993,48.4197,28.4863,,16261.1,37868.7
2604,6,9515,67.0337,40.0673,,,90036.4
3315,6,17747,42.2619,,,21219.9,23656.9
3974,6,15711,40.9568,,,4426.41,20563.7
2704,6,5665,55.0701,37.9259,54.982,243495,713110
1349,6,9399,28.4346,,,19643,58991.7
5364,6,21092,38.273,,,13124.7,18134.7
2745,6,12548,34.1217,,,76115.7,96932.6
409,6,20893,33.5404,,,37944,93121.7
5352,6,20757,34.4849,,,48893.4,70140.4
1676,6,20749,19.9542,,,8974.31,23136.6
2239,6,20686,35.6428,,,8688.3,17893.2
1720,6,20548,37.635,,,24501,43615.1
271,6,6222,18.4273,,,9436.48,26222.2
1673,6,20204,21.6025,,,23646.1,65789.7
1535,6,16164,42.4998,34.7383,56.1052,105596,244992
5230,6,20098,49.709,26.4509,,39816.4,90755.2
2815,6,3510,14.8634,,,5305.51,34598.1
2056,6,1680,30.6839,,,13536.2,33198.3
3572,6,16162,64.3211,42.8203,58.8636,143079,211394
3464,6,9713,52.6872,,,13763.4,30955.4
2949,6,14188,22.5775,,,12059.4,18905.2
1955,6,19944,48.0109,,,31890.2,88793.6
2521,6,25948,17.8268,,,10384.9,37666.9
1696,6,2287,39.4088,,62.8917,146622,204438
1648,6,15964,11.5449,,,7597.36,19302.2
1515,6,15812,20.1544,,,8496.47,24927.2
2022,6,10799,20.7904,,,12475.4,45590.4
2743,6,12211,56.3428,,,5627.8,38098.7
4486,6,1948,29.2447,,,6868.93,18235.4
1105,6,7884,40.5576,,,16901.6,18640.9
3074,6,1720,35.0838,,57.3684,67098.9,102865
3700,6,6872,26.3066,,,24513.4,35573.8
5121,6,5832,46.7106,,,85924.4,103093
3028,6,15298,33.0679,,,14657.2,16924.5
4050,6,1686,14.1732,,,6108.2,20526.3
569,6,3701,36.628,,,26326.3,95052
556,6,3258,40.6609,19.7766,,10144.4,44574.3
4479,6,1626,31.0705,,,28438.8,70906.6
5271,6,6733,43.6261,,,26871.1,42674.3
2074,6,5768,39.3682,,,44215.4,57780.3
2077,6,7274,32.3388,,,14214.4,25066.4
951,6,17472,32.2289,,,32699.4,83475
3897,6,8137,7.89377,,,14754.2,25645.2
2269,6,9229,43.6447,,,16488,33341.1
4377,6,1968,37.491,,,14847,21925.8
4403,6,5717,26.4176,,,10698.7,17011.7
1793,6,5706,14.353,,,23216,22939.1
2972,6,4488,24.5752,,,48947.4,17979.2
14634,6,4957,26.9926,,,14888.8,54826.6
601,6,4899,34.1696,,,3134.09,26041.2
4317,6,4264,27.1737,,,14139,16586
4135,6,30777,36.094,25.575,,17523.8,36480
3631,6,26503,45.2255,,,6787.36,43306
1120,6,30791,39.2116,,,31764.4,84808.2
2196,6,7844,21.6347,,,15057.3,28033.7
5150,6,9148,48.5668,40.6668,,31911.2,48668.7
5099,6,2291,49.8772,39.1479,,12812.5,32981.4
344,6,6123,14.0098,,,3450.4,25470
4061,6,6108,29.3759,,,6459.86,16771.5
3900,6,8324,26.9403,,,18338.6,34889.9
1606,6,5516,31.4426,,,39535.4,32346.1
270,6,5461,23.7268,,,42983.8,65651.1
3520,6,12584,76.1778,55.9573,,20815.3,67714
1007,6,19701,27.4795,,,45344.2,99538.6
13630,6,25438,29.6337,,,14162.6,19188
919,6,25419,29.6742,,,3572.5,34172.8
4098,6,30779,33.5181,,,19330.8,49344.1
439,6,12982,32.7017,18.5428,,42374.9,62143.2
2423,6,22940,33.6263,,,6236.37,16637.7
1049,6,26760,55.9407,,,2188.29,24598
1872,6,12148,35.0712,,,11430.5,17831.2
5177,6,12066,27.174,,,10206.4,20369.5
3924,6,12038,29.2455,,,26370.9,47843
1124,6,11858,28.8405,,,27012.4,65623.8
366,6,11736,36.2278,25.308,58.4947,127410,438358
1758,6,2933,36.0985,,,18216.2,39138
1373,6,10645,26.3394,,,4965.62,18089
2619,6,11459,65.6749,27.8677,,,94765.8
436,6,10455,32.912,18.9264,,173686,192913
1416,6,12742,7.0192,7.78718,,4453.48,57436.6
713,6,10038,23.7096,,,10663,51679.4
2690,6,1100,25.9342,,,40964.7,21338.3
5276,6,7357,20.6889,,,10801.9,19756.4
5304,6,13184,10.2876,,,15136.4,23594.7
5186,6,31261,36.03,,,2698.84,16523.8
596,6,4658,23.3267,,,10702.2,41867.7
2779,6,18011,40.8841,,,27659.7,51088.8
4632,6,9997,36.3325,,,10836,26130.2
592,6,4641,50.8907,,,9632.44,33192.1
1264,6,4241,51.3384,,,14099.2,28995.7
1591,6,547,24.0182,,,7083.04,16331.6
548,6,2990,51.6365,,,50583.9,91875.4
4979,6,32730,43.2393,,,32832.1,29683.7
1602,6,3562,25.7738,,,13535,19653.1
4332,6,7891,41.5073,,,93217,57650.3
4117,6,7804,39.9922,,,16966.6,33644.9
2429,6,7735,44.317,,,44190.4,64721.5
4330,6,7598,14.0147,,,7055.63,36041.4
4600,6,7477,20.6532,,,19847.8,46933.2
3706,6,7181,32.4915,,,53368,80987
1103,6,7116,15.3459,,,4308.54,25657.9
273,6,7316,24.29,,,24478.7,36454.5
4408,6,7080,22.6832,,,54428.8,61950.7
1965,6,20429,55.8592,,,7887.75,26972
5119,6,5476,43.5024,,,7707.76,17968.6
1888,6,13234,35.6,,,11934.4,30782.6
1667,6,19294,25.7726,,,15826,18143.1
3995,6,18833,39.9626,,,30509.5,60272.3
4781,6,18475,34.5473,,,17831.9,45224.2
380,6,14888,16.7687,,,8466.02,38983.9
3577,6,16258,34.3024,,,17183.2,33772.9
4769,6,17861,34.5456,,,22776.5,17138.7
4757,6,17282,29.46,,,20283.4,38113
3038,6,17022,41.9573,,,14971.2,21230.4
1933,6,16909,17.2935,,,4565.31,17592.6
2217,6,14137,33.6319,,,12920.1,17372.6
1889,6,29501,35.1294,16.4792,,73544,139972
1053,6,20869,59.7236,,,27335.6,85929.1
11504,6,30839,42.2856,35.0294,60.761,109596,326266
1826,6,7961,25.7171,,,8450.87,20613.3
2426,6,23044,14.6741,,,3569.64,23727.2
3935,6,12330,38.6458,,,16330,32077.4
1628,6,11598,27.6375,,,27689,28682.3
911,6,25381,16.9724,,,1317.77,18115.8
9997,6,25356,28.3835,,,10007.2,20407.8
2488,6,25210,24.7701,,,6408.34,24547.2
2735,6,10728,43.2596,,,51702,74080.3
1303,6,6255,38.0629,,,25536.8,41154.4
3880,6,6651,30.0408,,,12673.9,32197
3486,6,30303,43.6049,,,9427.85,21163.6
4309,6,344,30.6263,,,22480.8,26278
5310,6,14197,18.1526,,,17341.6,26745.8
263,6,774,21.4336,,,10767.4,21786.4
3106,6,5049,38.5565,,,29616.2,47967.6
670,6,8166,33.9318,,,14939.4,53205.8
4678,6,12281,39.2607,,,57608.2,111064
2203,6,9625,23.6663,,,18967.6,31426.1
2253,6,2310,28.147,,,33643.2,60551.3
1671,6,19841,29.5446,,,36555.2,54241.2
2379,6,2277,25.1523,,,14391.7,53625.8
2700,6,5414,57.8676,,,82291,98142.3
2285,6,24489,53.7185,,,65010.7,138437
1886,6,13170,50.3494,,,21176.5,54390.6
3506,6,24233,57.4543,,,7411.22,22014.5
5174,6,11915,30.8042,,,7140.26,17033.1
3349,6,4271,34.1046,,,15379.2,37618.2
3739,6,9577,20.2136,,,13999.6,17823.8
2992,6,9536,35.4568,,,42911.2,50104.8
3140,6,8147,29.2006,22.1275,51.5696,70977.4,257170
2002,6,7524,28.4341,,,11267.6,20398.4
4740,6,16534,30.5278,,,37813.3,92899.5
2823,6,5314,26.3523,,,10899.2,23219.1
4472,6,1067,36.3977,,42.9019,146594,365303
1600,6,3515,25.0851,,,21769.9,24138.6
1252,6,3430,33.7525,23.5665,,8399.62,17238.3
3348,6,3144,33.2067,,,12300,25967.5
2966,6,1743,25.447,,,14289.1,51290
4355,6,13096,25.6911,,,80358.3,98170.5
4414,6,8509,15.8739,,,13346.3,51162
3026,6,14435,14.3177,,,5463.35,16678
3652,6,537,26.9961,,,19785.8,24361.6
3345,6,513,41.9921,30.1962,59.5865,289333,542997
2974,6,6170,37.0449,,,6152.73,21209.4
4271,6,20852,61.0828,,,28139.6,41392.6
4125,6,8620,44.27,,,7505.09,16142.7
3135,6,22624,24.0058,,,35896.6,108514
1680,6,3797,23.0507,,,20245.8,43126.5
2846,6,11581,28.8245,,,10684.3,21399.2
1829,6,29485,42.4754,,,5345.59,37072.9
4823,6,2188,35.7551,,,6724.09,17864.7
622,6,5726,58.6456,,,27676.5,112624
3848,6,2060,45.5347,,,15358.8,29657.5
558,6,3268,52.7173,,,36946.8,49871.4
1034,6,20572,37.4067,,,51221.4,123222
4276,6,21030,71.8616,,,25642.7,43470.2
14941,6,25846,20.7459,,,4715.5,54021.7
632,6,22605,37.5723,,,6746.25,30003.7
3973,6,15701,38.6199,,,27719.8,81341.2
4294,6,14136,67.8654,37.6542,,25051.3,70780.5
3389,6,22242,19.5788,,,5038.77,39308.4
2707,6,6251,56.4571,,,5432.65,32484.2
4097,6,20570,33.5269,,,6844.15,22535.5
331,6,21800,12.123,,,12623.1,50979.7
4628,6,9799,20.9027,,,10272.8,39447.9
3371,6,29907,54.4095,,,28959.4,47175.8
1741,6,29464,47.5884,,,18865.5,18110
1451,6,24789,11.6041,,,4248.41,23036.1
1956,6,20109,34.6352,,,16631.2,26272.4
684,6,9164,53.0106,32.7155,,67047.3,189221
5184,6,12197,25.4817,,,8388.33,19983.5
2524,6,26038,58.8684,65.3456,,32954,70778.6
3955,6,14571,36.4112,,,8070.03,17303.6
1584,6,26473,35.34,,,7999.16,22533.2
1598,6,3379,20.7972,,,11888.2,21964.5
3594,6,25632,32.8399,,,4287.76,19883.4
1996,6,6905,34.6571,,,34184.9,80085.5
14867,6,17939,32.016,,,13943.3,52898.1
4940,6,21214,38.4842,,,15491.2,40879.2
1613,6,6614,33.0224,,,13816.2,33910.3
1362,6,10063,43.4206,,,12864.7,66725.3
2329,6,735,41.2704,,,35794.8,33060.6
4077,6,12871,18.8366,,,3820.47,17192.1
3221,6,5001,76.4969,56.0936,,15801,64196.5
2849,6,11634,37.8888,,,11103,19900.8
2104,6,20487,36.0595,,,48098.9,68259.6
5124,6,31173,20.0265,,,1378.28,18953.6
3298,6,15477,48.8509,,,3987.25,18282.2
2901,6,17997,31.8487,,,14659.2,19329.1
3824,6,358,42.5653,,,10409.2,22157.3
3902,6,8443,38.3914,,,21161.2,62106.6
2878,6,15210,19.875,,,5450.35,26840.2
2296,6,14233,57.2341,,60.103,157269,343794
1792,6,5685,33.502,,,8964.16,21064.9
1923,6,16024,41.3628,,,23707.4,40091.7
2474,6,24933,49.9966,55.3614,,63975.3,43521.1
3059,6,19070,57.2965,,,8721.11,35031.6
3662,6,2347,31.6449,,,31509.6,49411.1
2183,6,6247,26.8,,,24591.3,28538.3
4306,6,114,22.1808,,,19399.2,28467.3
1845,6,29490,34.225,17.2631,,54109.6,145134
1765,6,29470,77.5053,64.7026,70.1901,1261210,2691070
2942,6,11354,7.58884,,,7827.08,23899.7
2777,6,17836,44.2718,,,17421.3,47144.9
4786,6,26049,17.5513,,,39915.4,93146.8
2060,6,3103,34.5812,,,104371,125681
2967,6,2906,33.502,,,30656.8,37777.6
4493,6,2776,37.8212,,,60680.5,176086
2177,6,2307,35.4888,,,49663.7,57891.6
2301,6,34525,11.7335,,,6303.61,26839
4871,6,14490,45.1574,34.2193,,49375.9,82376.5
4323,6,6637,29.7366,,,29533.4,36276.6
3698,6,6588,22.1285,,,41572.4,71360.8
3921,6,10781,25.505,,,10527.8,19646.3
4569,6,6263,32.6821,,,8617.99,18360.2
342,6,6089,36.2083,,72.9235,35894,65433.2
427,6,6011,30.6895,,,42352.9,73245.6
4056,6,5644,27.288,,,12691.7,23429.2
269,6,5183,24.7042,,,30787.7,55447.8
4558,6,5145,31.9272,,,56441.3,113014
2171,6,19878,34.334,,43.5158,191517,379326
1541,6,18046,31.5833,,35.2646,140497,180192
3095,6,1057,30.9949,,,12761.3,48688.8
4370,6,17991,25.9459,,,23208.2,39759.6
2310,6,17884,31.026,,,105856,196835
3677,6,3663,17.5077,,,42971.4,77718.8
290,6,35767,10.4921,,,11069.9,20657
4095,6,35765,38.5965,22.6746,43.5827,260079,391404
3343,6,461,24.1986,,,10228.8,30227.8
4514,6,22005,23.2455,,,9782.06,38036.2
276,6,35760,16.6393,,,43303.4,79566.6
1927,6,16655,41.1121,,,86897.4,152492
5196,6,13835,35.466,,,20506.3,59389.9
4359,6,15797,29.0339,,,32680.7,64675
3153,6,15627,37.2123,27.7007,48.0504,133818,223270
3770,6,14903,23.4562,,,34204.5,56219.6
2908,6,1643,29.8208,,,26713,44147.9
4080,6,14237,32.1445,16.0485,39.841,358880,580508
1439,6,13655,40.5315,32.5431,53.0053,267946,237105
4435,6,13284,23.7075,,,56008.9,107069
279,6,12836,32.3102,,,124812,195719
2692,6,1573,34.1964,,,31587.5,52203.1
4427,6,12260,36.125,,42.2938,401774,647889
5292,6,12257,47.9079,38.2835,72.6466,207710,232495
3755,6,11265,19.8381,,,20936.8,31394.5
2264,6,8370,34.1496,,,17410.9,19611.1
4422,6,10584,22.446,,,24299.3,26101.6
4771,6,17935,33.317,,,12072.8,17016.5
2910,6,2156,10.3943,,,8264.86,21710.3
1140,6,25858,42.3809,,,2264.76,17861.5
14591,6,1963,23.9709,,,4977.08,21181.3
4663,6,30853,25.3471,,,20786.5,56291.1
2094,6,14275,35.0779,,,16257.9,22883.9
4590,6,30844,22.1091,,,40162.4,117464
1174,6,12956,46.6734,,,25753,72809.1
1588,6,269,25.2479,,,41360.5,76710.1
4607,6,7906,28.021,,,17300.9,25512.9
14890,6,26788,56.386,,,7562.63,35430.8
1084,6,22063,13.0333,,,2468.88,19400.3
981,6,18119,45.9731,,,4855.56,22835.6
667,6,23110,12.1994,,,4471.38,20531
941,6,17420,49.8432,41.0216,56.8995,365328,942788
932,6,16904,49.9244,36.6634,45.5481,715317,1305700
958,6,17168,46.6175,,,6245.13,23886.6
2918,6,3984,33.934,,,17548.1,23553
3808,6,8196,39.765,,,33351.3,52490
3402,6,22554,39.3599,,,3747.15,20082.8
13908,6,22438,21.2169,,,4798.9,65545.7
3176,6,4861,28.8578,,,16992.8,29852.6
1283,6,22313,25.7999,,,37454,22887.6
328,6,2712,25.7771,,,12901,48783.5
4412,6,7371,15.7733,,,12913,38683.8
2800,6,444,38.2843,,,13719.2,17202.3
2065,6,4397,34.098,,,30598.3,62060.8
1991,6,6008,17.3925,,,28521.8,75128.5
2394,6,22222,12.9813,,,9964.26,36020.2
3174,6,22219,28.3759,,,7240.19,21841.9
5104,6,22051,5.77442,,,1386.58,22546.4
4964,6,22034,26.8204,,,43981.5,23347.4
3787,6,35710,18.0724,,,7015.22,28258.7
1918,6,15133,37.4515,,,12046.5,33991.3
5252,6,35753,39.3306,,,63762,72445.2
1650,6,25476,19.8466,,,2944.44,32800.1
3665,6,2736,28.3217,,,5040.59,19158.5
3410,6,30097,48.2576,,,17740.1,29112.6
1884,6,13031,58.98,,,8571.88,23290.2
4039,6,440,29.4428,,,7673.7,19565.7
4314,6,4149,36.4315,,,136060,128000
665,6,7747,41.0768,,,19199.6,29422.7
1920,6,15268,38.5802,,,76492.3,114514
1554,6,25985,7.32952,,,8357.46,50902.1
2016,6,9738,23.6071,,,24055.6,44736.4
959,6,17650,64.6745,46.0467,57.078,165996,324761
3914,6,10212,37.6239,,,26779.8,56078
4809,6,26391,6.38998,,,7218.27,22694.5
2634,6,29565,33.6877,,,,31868.5
14464,6,2891,30.3269,23.3779,,61197.8,105537
5021,6,15890,32.1375,,,12064.3,32298.4
3267,6,10520,62.0524,,,8244.4,30612.4
4101,6,803,52.563,,,9047.32,19600.4
1994,6,6565,25.1738,,,11179.9,23296.5
5025,6,16406,36.3912,,,32756.9,95284.2
1524,6,16463,51.7207,34.3159,,46565.7,52031.8
5194,6,24709,35.8125,,,6871.85,35058.2
1533,6,16082,25.1052,,,6159.5,34526.4
298,6,16047,25.2229,,,4625.39,22616.6
908,6,16023,31.0037,,,15500.9,56757.8
3969,6,15335,43.6366,,,4387.48,21084.9
2867,6,14049,51.3592,49.2755,,16515,35034.1
4248,6,15702,60.9583,54.4107,39.8955,282910,305842
3179,6,9977,43.3082,,,18032.1,23393
2809,6,2282,31.2677,,,30885.5,60244
14896,6,31267,27.2036,,,2575.47,24745.9
1590,6,438,21.0699,,,77128.8,57466.7
3197,6,1381,62.4232,,,4061.05,26497.5
2058,6,3049,35.858,,,21937.1,39076
3409,6,6232,48.2576,,,17740.1,29112.6
3041,6,25825,21.2161,,,2080.98,19521.2
14601,6,35693,21.9565,,,27375.7,98815.5
1033,6,20509,18.7747,23.2482,,25475.1,116066
2189,6,7150,30.7231,,,28729.4,29092.3
1817,6,7356,35.6843,,,15267.1,21245.5
533,6,2320,68.2925,,,176198,103576
711,6,9956,39.7359,,,17463.9,30584.5
640,6,6354,35.0944,28.4739,,44106,195934
765,6,11596,38.3444,,,14268.7,66138.5
997,6,35080,17.3184,,,2672.8,17646.6
497,6,844,39.2964,,,4568,27435
473,6,419,33.2581,,,2912.28,19262
488,6,756,40.6162,,,5251.18,16896
2362,6,1073,68.6547,57.8415,56.0877,325448,620567
3288,6,14646,82.6137,53.5956,,14980.7,69272.7
490,6,761,73.8531,,,7346.27,15719
463,6,77,34.6857,,,10342.5,20019.5
3366,6,815,51.6386,,,15366.5,27625.3
378,6,14874,24.2702,,,23606.8,39417.1
5244,6,14431,55.4682,,,16912.2,30223.2
4580,6,22837,16.6089,,,6871.72,29518.7
2455,6,24153,68.1488,58.9207,,2054.21,18511.5
2346,6,20435,32.1249,,,11872,17357.6
1693,6,18540,39.6335,,,2983.44,16832.3
13634,6,21957,40.4449,,,7791.82,34307.8
1376,6,24033,13.795,,,982.104,25526.2
2063,6,4214,29.6859,,,13214.7,18774.1
286,6,14776,16.2716,,,18848.3,26374.1
4003,6,19458,44.9925,,44.6735,120693,286097
13820,6,35751,33.6674,28.7161,40.272,283376,460377
349,6,6516,18.0499,,,4468.99,22316
5201,6,14913,31.8617,38.6133,,90856.5,54152.4
4225,6,23712,35.1578,,,42950.2,20012.6
397,6,25888,23.6991,,,8014.18,37842.3
866,6,14852,41.175,,,4436.12,18682.4
1182,6,14493,48.723,32.5056,,44162.6,85526
4621,6,9048,31.1808,,,22925.3,38410.4
3089,6,12893,44.8678,32.773,68.7523,42446.1,65634.2
400,6,25890,11.3742,,,5253.59,24240
3350,6,6633,29.3281,,,32900.6,45437.1
3751,6,11185,24.2798,,,25049.8,32122.2
1183,6,14552,34.4086,,,16190.8,40403.9
404,6,26014,4.89611,,,1400.38,17016.3
297,6,16015,16.9491,,,11018.5,33616.2
5145,6,8974,32.4815,,,29568,73979.5
788,6,12359,44.6443,29.3366,55.7778,69717.8,199448
2821,6,4709,35.9235,,,50656.1,47782
4082,6,14669,26.3719,,,9377.97,28046.6
2174,6,620,30.9836,,,17214.3,21630.3
1187,6,18605,53.3391,,,71401.8,122442
3696,6,6571,20.9808,,,12428.1,24908.2
2278,6,10485,36.9679,,,52355,71727.6
4565,6,5641,40.8416,,,14560.6,26150
4170,6,17793,46.5253,,,24840,58891.1
1160,6,22578,32.8425,,,6649.83,29482.2
844,6,14181,39.4929,,,4371.39,37017.3
3906,6,9324,23.9349,,,11388.2,38162.8
628,6,5876,42.4663,30.7226,,44028.5,143083
1698,6,3170,25.3051,,,13461.5,45173.2
3120,6,8908,35.8965,,,11499.3,24405.1
1234,6,2034,35.6394,,,26872.8,67934.2
787,6,12331,36.1392,,,32946.1,93157.4
3638,6,26556,32.7322,,,11474.8,28305.6
3276,6,13136,79.9629,64.9264,51.0943,143887,275593
2004,6,7613,20.7735,,,21693.8,49428.3
3976,6,15974,24.1896,,,10032.7,20361.7
4584,6,30827,34.0134,20.1423,40.213,363404,740422
4469,6,874,25.1736,,,5494.36,18579.8
1545,6,25910,42.9336,32.7702,,6248.94,54900.5
1710,6,14111,45.3764,,,9979.14,23547.5
2307,6,25821,24.149,,,2830.63,18154.3
13916,6,25800,29.8262,,,2878.5,20485.2
1138,6,25796,20.5768,,,3439.26,32879.4
13299,6,25775,41.1839,,,7597.2,19343.9
1532,6,25768,15.8373,,,14355.6,98263.5
9946,6,34945,63.266,55.562,45.1977,249020,337183
3513,6,12175,76.317,,,36665.1,18480.3
2503,6,25590,38.4654,,,5857.2,25790.1
13253,6,25576,35.4134,,,5031.75,16817.3
2150,6,12986,32.689,,,6992.48,18983.6
4186,6,31447,13.7557,,,7915.61,21407.1
2656,6,29598,46.1954,,,,21327.9
2493,6,25283,36.0846,,,19353,30971.5
2490,6,25250,27.3042,,,6010.43,28442.6
2554,6,710,30.1728,,,,43736.8
5107,6,3954,22.529,,,3366.07,17327.4
2686,6,21172,14.6766,,,5957.35,17555.2
743,6,10782,33.0379,,,18949,23031.1
1616,6,7798,33.8484,,,11653,18415.8
639,6,6343,29.454,,,33910.4,71880.9
1821,6,7628,38.5286,30.7378,,31414.7,45331.8
4953,6,31857,29.1619,,,12928.7,17873.6
5092,6,29439,29.1516,17.3384,,26676.3,33640.9
755,6,11209,32.6845,,,5628.69,35269.4
823,6,13572,49.0095,,,6137.01,20291.5
5216,6,25504,16.7945,19.2765,,11287.1,19195.7
2305,6,17073,23.4521,,,14436.4,21675.4
763,6,11576,69.1149,,,17176.7,34672.9
2620,6,11531,50.6982,,,,17377.7
745,6,10810,68.2541,,,3202.21,19674.5
607,6,5092,57.903,,,38345.1,112083
791,6,12488,51.5513,,,14317.9,36942.5
13732,6,14069,46.4719,,,11574.7,35577
1814,6,7228,36.9527,,,16135.4,31460.8
14864,6,10202,55.2736,,,25242.9,56778
562,6,3466,23.0673,,,3561.74,17896.9
1167,6,11851,40.9798,,,24069.3,60647.3
4604,6,30866,30.5099,,,71891.1,46147.1
1172,6,12796,30.7873,,,7315.31,31730.2
1162,6,9406,71.0642,,62.2648,121295,124485
1152,6,2175,33.9489,,,21571.1,60312.2
1179,6,24636,30.3679,,,17023.4,30595
2048,6,19927,44.0614,,,11611.7,17933.3
4173,6,18733,42.4102,30.9114,,41375.6,47874.6
1507,6,15328,14.3839,,,6114.34,16430.3
2624,6,29533,46.4754,,,,28430.5
4133,6,10110,41.1602,25.2988,,12553.1,20663.9
4361,6,17059,20.5589,,,5604.78,17737.6
4466,6,779,38.2958,,,99197.5,190543
3355,6,10005,32.3251,,,44475.9,96929.4
4630,6,9939,26.4919,,,25593.6,127611
2851,6,11980,28.2912,,,10588.8,19621.2
2258,6,21999,45.5737,,,7427.84,16731.5
295,6,15394,22.3175,,,10035,32504.9
5335,6,18599,50.5962,,,26187.2,48667.2
2789,6,26753,26.895,,,16367.5,23722.4
312,6,31590,1.74889,,,686.151,19411.4
3784,6,17257,24.6241,,,10809,26352.3
2833,6,9482,7.1289,,,3254.28,20367.6
4262,6,18769,67.5074,63.7043,77.4296,28658.2,41525.2
1493,6,15042,47.0461,33.7663,,50981,99829.6
1332,6,23333,44.7521,31.7636,,2555.93,19761
3549,6,13876,40.2654,,,7906.38,31547.5
5002,6,12539,41.4447,,,23182.4,38048.6
1128,6,13350,26.5114,,,9855.8,18641.8
2111,6,4610,28.3902,,,5223.82,21908.1
4018,6,20680,22.2147,,,23423.2,33163.8
1096,6,6382,61.1556,,,23364.7,30458
2227,6,15227,32.6063,,,27310.9,24956.6
1999,6,22996,8.9733,,,3231.77,30278.2
3789,6,18894,33.524,19.656,,74933.7,106115
13918,6,31931,36.1411,,,3279.67,17289.4
405,6,18607,51.792,44.8521,76.1219,183844,162125
1009,6,35270,8.361,,,2988.33,22311.2
3963,6,14859,32.7399,,,8915.57,16773.4
1895,6,13729,35.6889,,,22099.9,52176.4
1789,6,5233,47.3202,,,3573.65,23062.3
1878,6,12328,66.4559,,,21529,25681.7
1435,6,24540,39.9516,46.9291,,5783.57,18647.7
4339,6,7924,23.2987,,,12825,25034.2
1261,6,4016,17.6384,,,7644.54,20356.6
3242,6,7312,75.1895,56.0582,,44749.5,42616.7
3503,6,24220,22.1811,,,46111.2,18881.1
4524,6,4139,17.9391,,,7256.26,23110.7
1215,6,12839,76.9734,70.649,69.4525,634265,601568
1756,6,2883,41.1088,,,17651.4,25705.8
4778,6,18465,28.5903,,,36157.9,36207.9
2506,6,17332,52.7221,54.5056,,71939.2,60742.2
934,6,16923,34.8626,,,19019.1,33418
2962,6,843,18.7225,,,7711.92,30409.1
1550,6,18236,34.9045,,,10421.2,24685.7
4825,6,2927,27.5796,,,12543.7,28772.2
284,6,14300,25.3951,,,8680.5,22288.8
2968,6,3544,19.2067,,,43774.5,47129.5
2236,6,17407,50.129,,,24152.6,17083.3
1312,6,22804,33.6988,,,1764.77,23161.9
4474,6,21370,23.0814,,,4326.57,64463.5
3398,6,22541,45.7369,,,5691.14,18980.8
1193,6,26360,14.5804,,,17234.3,36179.9
3396,6,22405,13.456,,,8209.72,27007
3998,6,19034,18.4937,,,20807.9,44907.1
337,6,22395,13.6613,,,995.06,27894.4
3394,6,22365,43.1739,,,13124.3,27669.5
1722,6,46,43.9606,,,25024.5,36620.1
929,6,16687,44.3828,,,13130.5,28076.8
3380,6,21939,23.3064,,,7125.48,31516.3
4572,6,6376,35.5633,,,10462.3,51260.6
2757,6,14506,52.1439,,,16987.9,25984.9
2712,6,7122,63.7298,,,7063.88,19633.6
384,6,31288,5.6523,,,2373.89,18892.8
1058,6,20924,34.8383,,,5527.72,26095.9
1968,6,20636,28.9373,,,11327.6,24086.4
2107,6,20722,30.811,,,51557.7,56570.5
4924,6,20416,11.7969,,,3230.93,18687.8
4926,6,20569,26.2051,28.7753,,27247,103751
4882,6,16042,46.6751,30.5706,,49387.1,112365
2975,6,6379,37.0519,,,14389.1,52251.2
1024,6,20281,14.5358,,,3872.86,24870.7
1021,6,20251,43.5059,23.7967,,23721.4,67987.5
2710,6,7011,24.0221,,,57457.9,79856.6
1014,6,20094,63.5231,36.9603,,98490.5,145414
877,6,15099,55.1665,,,3305.59,22332.6
2453,6,31244,47.2739,,,7418.46,22877.2
5052,6,19336,15.0104,,,21286.4,84654.3
2018,6,10753,40.6797,,,11283.4,21847.4
4094,6,17962,34.3449,,,22748,45289
5013,6,14497,34.5116,25.7985,,90050.9,180426
1932,6,29508,34.9239,,,6058.26,22376.2
14000,6,20993,50.1599,,,22641.5,25908.5
2961,6,505,20.0324,,,9967.44,20983.4
976,6,17960,26.9644,,,7583.75,30122.3
4001,6,19415,45.4032,,,9481.53,17829.3
4706,6,14265,35.9628,,,16179.7,25121.4
14863,6,9239,61.8037,,,2954.16,26007.9
616,6,32425,24.8974,,,4177.15,53043.6
14126,6,7188,28.3962,,,3418.59,23057.9
4496,6,2779,29.5295,,,10230.3,19047.7
14897,6,33325,27.212,,,2148.94,22698.2
14653,6,12587,35.2735,,,9289.27,33983.3
513,6,1331,66.5145,,,8697,41080
609,6,5152,45.2827,,,6823.85,20619.7
1761,6,3003,24.2957,,,5715.96,17948.9
4576,6,30837,25.8317,,,22014.2,64783.5
2871,6,14201,29.8041,,,89384,105801
13452,6,23493,56.4628,,,4910.88,22273.1
1709,6,13444,24.9792,,,29718.1,72936.5
5290,6,10404,51.3507,,,47390.3,51107
612,6,22406,24.8934,,,1511.39,17422.4
1523,6,16310,27.9222,,,33484.1,52272.7
805,6,12866,25.7271,,,21122.2,102662
1467,6,14153,35.3685,,,35344.5,36380.2
2349,6,409,48.2507,,,25456,37698.8
15146,6,3443,80.1008,53.4262,,,35070.5
4698,6,14024,21.6849,,,7811.82,18551.6
4626,6,9410,43.4249,31.1941,,197649,215836
9976,6,14004,19.869,,,29121.7,77225.3
4406,6,6623,13.0058,,,6710.1,20714.4
5281,6,7975,32.8516,,,15140.5,37345.4
1317,6,7249,23.3355,,,5443.8,20351.1
760,6,11368,63.473,,,11842.4,69952.3
1078,6,30851,29.1425,,,28842.5,56150.1
2586,6,5932,65.1388,31.3956,,,88732.1
2629,6,13959,37.956,20.3765,,,44709.5
3358,6,16643,31.3117,,,16083.5,47752.8
461,6,58,9.4583,,,3532.94,31265.7
1255,6,3707,57.5212,38.601,,55708.6,47017.5
2530,6,31322,35.0867,,,7109.13,25158.5
5109,6,4570,38.839,,,4470.73,29224.6
2714,6,7380,42.3949,,,42040.7,102376
3493,6,11421,64.8892,,,7554.87,18823.4
2607,6,9614,69.4248,53.482,,,59268.6
2154,6,13896,35.0151,16.2874,,128338,173005
4148,6,24765,45.9768,,,3546.7,16658.4
3212,6,3564,61.8501,,,31079,84981.7
2749,6,13389,47.1767,,,15671,21324
1464,6,14065,32.901,27.2413,,7259.33,23334.6
1543,6,18064,32.0533,,,16336.9,60689.9
1209,6,5464,33.7655,29.1701,,32291.2,35886
1823,6,7674,10.9829,,,3835.68,17968.4
3832,6,721,54.6829,,,12656.6,23594.8
3558,6,14752,59.9827,,,6621.78,23359.2
441,6,13778,22.839,,,13511.9,25941.6
3289,6,14759,80.159,48.2185,,36830.8,145647
3994,6,18827,17.3339,,,7282.34,16826.6
3149,6,24827,48.8117,35.1068,53.054,302424,223398
4695,6,13775,39.7115,,,42291.2,99600.3
5221,6,17190,30.276,26.9761,,52125.6,89062.9
3813,6,13771,37.6327,,,23726.5,40146.7
373,6,14000,27.7128,7.31152,,29712.8,153056
653,6,7158,52.4302,32.7414,,57539.7,135030
5169,6,11460,31.1159,,,6173.3,22698.7
2819,6,4490,20.5073,,,42391.2,64187.1
3821,6,244,45.6337,,,98729.6,198557
3810,6,12804,26.6894,,,7479.39,18050.5
2338,6,15614,60.1153,,62.3254,66797.4,66166
2294,6,13991,42.0376,,,14023.3,30112.8
4683,6,12485,31.5861,,,28817.6,76688
4512,6,30813,22.4034,,,13517.7,49463.3
2468,6,24657,37.0772,,,11763.3,28999.3
2402,6,22416,24.9914,,,5495.25,26890.5
4127,6,8712,43.2857,38.303,,64359.2,91564.4
1309,6,6487,33.7494,,70.6068,78303,124488
444,6,15587,19.092,,,27449.6,55425.5
1706,6,11881,35.939,,,18127.9,31643.7
3922,6,11095,43.5924,,,20177.5,38450.3
4379,6,13643,28.9857,,,45839.6,67645
3234,6,6283,82.1367,,,11703.3,34834.2
2153,6,13544,27.9882,11.5489,,60305.2,125470
2215,6,12650,18.3798,,,12920.4,19287.6
722,6,10388,28.0762,,,4879.74,17983.5
3015,6,24264,29.701,,,10670.4,28005.3
2602,6,9416,63.2817,36.6339,,,106209
5126,6,6064,36.8106,31.776,,29918,89049.2
2797,6,156,27.6573,,,10587.8,17668.9
689,6,9273,28.1939,,,14971.5,76381.4
4987,6,8900,32.0808,27.0303,,54523.2,137624
13376,6,23243,54.7178,,,6097.23,18727.8
901,6,15629,54.5624,,,29162,105240
680,6,8562,15.275,,,11298.8,89914.1
1737,6,1322,62.9229,,,4379.16,18825.2
584,6,4367,54.6572,,,20088.9,48819
4596,6,30821,39.1768,28.7797,39.1187,63885.3,226776
4029,6,20999,27.4976,,,8298.71,25526.4
3891,6,7348,42.5995,,,11386.1,16754.1
14824,6,26318,53.1969,47.1693,,2520.25,34579.6
3565,6,15163,53.7564,,,14371.3,19734.8
879,6,15089,39.3001,,,15438.6,53479.6
1076,6,30840,35.4892,,,11536.5,33018.8
4682,6,30810,20.4704,,,7038.15,16727.2
2033,6,13584,38.0609,,,5285.67,17731.6
2250,6,21424,36.7349,,,12303.7,19198.2
4534,6,4337,24.1957,,,5597.33,31495.8
5285,6,9601,33.8588,,,30608.1,62962.1
2245,6,235,32.8888,,,35238.8,47099.5
2181,6,4618,43.7174,34.2325,,20033.1,40693.1
1108,6,8215,38.9131,,,37710.2,92020.5
3930,6,12305,20.2688,,,12464.9,21750.7
15197,6,16704,22.2753,,,11403.7,29641.9
415,6,2443,16.5953,,,7248.23,16983.9
2666,6,29742,37.5838,,,,27836.1
4410,6,7278,23.6726,,,20010.7,29963.3
355,6,7245,15.2872,,,13418.1,65595.5
2558,6,29700,58.6883,40.9493,,,24652.9
652,6,6904,45.1371,30.2723,55.8968,195168,491455
559,6,3390,44.7866,,,37923.3,85704.7
2854,6,12183,19.4174,,,8206.65,27342.5
2837,6,10239,12.6698,,,26773.2,61229.8
4183,6,20699,45.7404,16.9214,,7696.4,23511.8
3223,6,5417,80.082,43.1956,,50630.5,124143
1564,6,26267,15.7303,,,3894.99,21869
535,6,2350,65.8321,,,35417.6,28294.6
4304,6,20244,52.8142,28.3282,,14868.4,40859
3030,6,15653,14.5489,,,3499.09,19064.3
2584,6,5664,80.7756,48.7189,,,41593.5
662,6,7646,68.0298,38.9123,,95027.5,190871
5066,6,26764,22.4101,,,3281.05,22147.4
2031,6,13487,36.0786,,,22019.8,36058.2
2953,6,17717,15.939,,,18937.5,48793.4
4762,6,17658,57.58,,,3599.35,17122.7
1655,6,17553,26.1638,26.3703,,97807.1,93836.3
2070,6,5415,44.4159,,44.9377,138466,203107
827,6,13654,71.5512,55.0939,60.9265,197279,390816
1357,6,23630,19.6275,,,6277.59,30796.1
1001,6,19156,37.0669,,,3003.41,27788.3
14556,6,17519,24.3131,,,40561.6,71051.5
13304,6,22483,59.9155,,,5880.44,19250.9
3643,6,20373,63.3982,50.0327,,49210.8,56767.2
3062,6,19476,34.3907,,,7900.35,18613.1
4455,6,402,32.2446,,,3372.59,18161.7
1984,6,3817,25.0412,,,37637.3,43372
5161,6,10421,50.1175,,,26480.2,36259.7
304,6,19448,9.9783,,,9360.4,19513.3
2116,6,5492,44.7946,,,14428.5,24637.4
1852,6,10632,32.1105,,,10825.4,19194.4
1549,6,18177,26.5564,,,6416.96,23387
1136,6,25345,6.75885,,,3002.84,29507
1751,6,2231,57.0488,,,3703.88,18829.6
14872,6,25157,25.3872,,,4008,21265.9
1504,6,25113,25.7878,25.7721,,1441.13,21805.7
14761,6,3461,26.8781,,,9952.58,52531.8
839,6,24784,25.1035,,,4044.64,28529.2
5265,6,5093,27.0745,,,16289.8,23544
500,6,953,36.2656,29.5792,48.0585,120963,348382
1629,6,24344,14.4125,,,10269.4,37287.2
2450,6,24119,13.2881,,,2819,19403.8
4074,6,12602,28.8821,,,13642.9,55008.6
1526,6,16651,34.8404,,,5948.9,17496.4
4005,6,19563,17.2368,,,4906.28,24163.2
422,6,3930,24.9198,,,35009.1,58655
5188,6,12953,26.7589,21.0587,,4649.2,21675
1100,6,6505,28.5511,,,3087.53,18391.4
2873,6,14422,19.8046,,,7069.89,21857.1
1122,6,11822,37.2326,,,11702.5,18299.2
3798,6,1876,35.1397,,,50216.7,60566.9
3957,6,14718,28.1318,,,14481.3,32537.8
2739,6,11731,41.9201,,52.2469,108798,113877
842,6,14141,53.4268,,,52486,196160
1715,6,16431,37.6882,,,25928.6,53718.2
4638,6,10494,21.7466,,,7456.02,36355.1
3498,6,11729,41.2457,,,2837.63,16771.8
1453,6,14046,6.55933,,,10422.9,74540.2
2644,6,15302,65.3422,,,,41393.5
870,6,14911,47.2166,,,14701,50138.2
4008,6,19685,15.5556,,,12887.6,18770.7
2577,6,3555,44.9238,,,,55275.1
1269,6,4350,15.301,,,2954.67,19212
847,6,14315,33.5785,28.8106,,24062.8,44690.5
4703,6,14212,34.213,,,5873.06,17715.4
2997,6,9900,39.258,,,8953.12,17441.2
812,6,13193,46.4661,,,71751.2,84866
2570,6,29663,27.241,,,,24729.3
4619,6,8903,47.7918,36.7931,49.3078,1570540,2112810
1169,6,12080,29.076,,,26246.8,47560.1
5237,6,6783,41.7226,,,11218.6,18624.9
362,6,11280,12.9453,,,10157.7,35051.6
3051,6,16552,32.7519,,,44858.4,76780.1
1714,6,16430,37.6882,,,25928.6,53718.2
4115,6,6710,39.6295,,,6699.13,20992.9
732,6,10571,20.0558,,,4948.45,42418.6
2595,6,6697,40.8687,31.4018,,,28765.7
4636,6,10357,21.3717,,,7962.65,26795.7
572,6,3843,39.2433,,,14446.6,51457.9
5238,6,10028,45.7802,,,35277.3,49282.7
2694,6,1596,49.8276,,,14497.3,34788.4
14848,6,8599,32.6038,,,8046.09,52231.9
3079,6,8379,42.7579,,,29983.3,57031.4
691,6,9307,67.9295,50.2265,,27156.2,110408
1560,6,26129,12.6416,,,2293.81,35282.6
3259,6,10296,68.3398,,,18791.8,40640.3
984,6,18389,37.7774,,,37377.3,123815
739,6,10683,36.8883,,,30250.6,80353.9
3830,6,691,35.1707,,,6689.99,18737.6
5085,6,1387,38.7784,37.971,37.3765,124595,122061
336,6,5169,37.9113,,,3793.9,17038.3
292,6,15230,12.9572,,,15965.2,21314.4
5193,6,24611,31.8214,,,2929.06,19430.9
4982,6,23045,34.5885,,,5936.81,18115.2
1636,6,13268,23.4379,,,11898,17539
4420,6,10200,30.8356,,,170272,180189
4629,6,9903,32.3833,,,13152.6,22041.1
2818,6,4430,32.4632,32.3367,,60599.1,86328
4523,6,4134,33.0775,,,55102.2,93834.3
5371,6,3616,37.0521,,,35594,58061.5
5010,6,24530,13.7498,,,15959.3,36139.8
2964,6,1164,21.4499,,,7015.53,22912.9
4037,6,36,33.0444,,,14147.8,16657.6
1080,6,3220,12.5292,,,16718.6,46848.9
2562,6,1826,80.7184,74.3781,70.3087,,616228
1897,6,13793,22.3131,,,4857.12,16209.6
4047,6,1520,46.8788,,,4589.16,18692.8
830,6,13671,25.1249,,,2995.11,35449.1
310,6,781,32.3111,22.2961,,152268,291828
1216,6,31363,18.9295,,,13459.4,77966.6
4076,6,12858,29.2062,,,23717.6,39070.2
2088,6,12765,40.2766,,,17081.1,27419.7
4829,6,3724,27.1657,,,1946.71,20411.9
4938,6,250,61.0231,55.4333,65.6729,93510.1,140733
14907,6,24974,30.0279,,,4825.1,59918
2980,6,7706,31.372,,,11295.5,17821.8
683,6,8716,41.5525,22.0504,,7987.24,33711.2
656,6,7381,58.8532,36.5555,,46074.6,171823
476,6,517,52.9424,35.3573,51.9452,171966,335451
3254,6,9295,75.5787,,,13039.7,40350.3
4417,6,9725,25.4523,,,48660.4,62056.1
2769,6,16774,41.6249,,,22568.8,59466.6
3528,6,30749,88.8914,84.0624,65.1367,3781520,8174290
1355,6,9711,35.7783,,44.1378,68991.5,97823.1
3742,6,9661,32.749,,,12135.7,18705.3
3124,6,9417,45.411,,40.7625,293306,409036
4416,6,9553,23.6449,,,48923.5,64865.7
261,6,238,20.8254,,,11528.2,21108.2
316,6,9265,22.6782,,,18862.3,31180.9
1855,6,11004,36.4809,,,20417.5,20006
4421,6,10491,11.567,,,11895.1,32453.5
2015,6,9170,29.2122,23.6636,41.1389,550184,819398
2934,6,9165,27.1525,,,114165,173352
2201,6,9123,28.8674,,,13728.4,28033.7
3904,6,9031,21.4988,,,14204.4,28859.7
3730,6,8955,21.0038,,,11617.8,42326.7
1334,6,8907,26.2803,,39.4539,445038,821996
2720,6,8694,54.7076,,55.0146,126040,187794
3724,6,8591,11.216,,,7972.39,32756.7
3933,6,12315,16.8032,,,18395.1,31087.7
3720,6,8242,17.7718,,,3400.76,23591.9
1618,6,8150,30.6081,,,40007,33866.6
1106,6,8093,31.4869,,,48233.3,59653.2
604,6,4977,52.6505,,,6475.99,21338.6
1703,6,10107,40.4352,,,38079.1,55527.7
3712,6,7943,27.4401,,,39927.9,39040.8
2930,6,7932,35.2509,,,39388.9,46534.2
1094,6,5678,37.0218,,,14831.7,16140.8
14410,6,24663,16.9459,,,1385.02,19637.7
4633,6,10185,13.8347,,,2830.44,27619.9
979,6,18079,50.4035,,,5957.4,33043.1
521,6,1590,81.1062,56.2838,88.788,49889.7,112398
11076,6,35796,18.5736,,,13037.9,22394.9
11075,6,35795,25.4706,,,61018.7,102667
11071,6,35781,39.3202,29.0547,,131993,305047
4898,6,18112,23.4845,21.4499,,16824.1,50486.6
1382,6,11458,78.2588,59.3737,59.6759,261439,398499
1521,6,25434,14.439,,,1816.27,16599.6
2774,6,16802,17.6364,,,24954.3,46139.3
4152,6,14808,31.5525,,,8367.07,16205.1
4700,6,14159,22.9779,,,9249.97,18302.7
1289,6,22420,16.3075,,,7691.24,20511.8
577,6,4150,44.111,29.8225,,49564.4,121872
1344,6,23446,48.4488,35.8706,,1820.29,35779.9
1061,6,20957,47.9499,26.825,,19539,54688.4
2282,6,24384,45.0151,,,13506.3,32896.4
4463,6,596,28.8735,,,10310.3,24130.2
2266,6,23265,45.1222,,,12068.8,20563.6
14610,6,22049,41.83,,,4300.57,18055.9
2920,6,6862,7.68174,,,4094.46,18400.9
2791,6,20931,37.0038,,,20016.5,83959.4
2915,6,3746,21.0988,,,7190.66,25125.5
2835,6,35750,35.4631,,,32215.1,38905.4
14808,6,14661,32.5133,34.8787,,6335.36,18063
2792,6,21104,54.8017,,,13450.4,25942.9
3568,6,15434,63.8401,,48.4446,16777.4,32661.7
2912,6,3592,32.0767,,,7287.17,17913.9
1278,6,4639,39.1413,15.9642,,71838.1,45256.6
3766,6,35711,29.9217,22.6015,40.6429,330662,393039
1191,6,19350,34.3389,,,14695.5,36245.1
326,6,2135,21.8206,,,8051.02,39410.9
2040,6,17623,37.1813,,,13733.2,17125.2
1292,6,5509,28.2724,,,6924.44,17990.2
4068,6,10655,32.2994,,,32869.2,96252
1369,6,23730,39.4382,32.0699,,1325.42,22583.6
831,6,13753,34.6108,33.5088,,37387.4,166405
3392,6,4754,54.1545,,,8712.96,19025.6
4544,6,4446,32.5913,,,11694.1,23621.3
4372,6,26138,30.2896,,,11900.9,20497.2
800,6,12621,29.545,26.6569,,26626.9,192696
2142,6,10141,42.3533,,,11513.1,20202
2113,6,4719,34.2071,,,15640.5,26983
1294,6,22522,18.173,,,20496.6,28966.1
1199,6,26659,41.529,,,27747.2,63227.2
4746,6,16675,40.5567,,,5671.68,24139.5
1180,6,24843,18.1218,,,19847.7,24075
1258,6,22016,59.6692,36.8589,,9767.76,24535.6
3471,6,30261,54.9539,,,14431.9,23711.7
1310,6,22793,44.0675,39.2493,,10197.6,16414.8
2097,6,15594,35.3234,,,13794.7,24715.4
1239,6,21615,24.7625,,,20056.4,22120.1
3658,6,1847,49.0718,,,13845.7,16570.3
1982,6,3366,32.5633,,,12559,21345.7
4025,6,20886,26.9876,,,15909.1,22270.3
4458,6,475,36.0819,,,14195.3,19008.1
2677,6,20294,42.7806,26.7336,,,38074
4812,6,19879,29.6734,,,44130.1,104234
4807,6,19519,34.7436,,,16907.7,35138.1
4805,6,19428,25.2406,,,13159.2,25027.2
1178,6,13476,52.4072,,,13676.4,27282.1
1158,6,22560,31.7708,,,30293.1,51052.8
1904,6,14184,56.8011,,,22666.2,56198.3
13759,6,24782,31.6366,,,4599.98,34210.1
747,6,10824,50.4494,,,8080.85,41751
819,6,13533,56.3087,35.674,,22884.3,104805
859,6,14530,38.1604,,,3334.61,19864.9
522,6,1669,77.2697,59.5479,,49332.1,34448.6
650,6,32694,6.24109,,,1247.83,23075.9
2006,6,7661,41.228,,,4469.28,16907.4
2146,6,11274,38.4284,,,34295.3,51321.8
3912,6,10157,38.4579,,,10593.5,28431.5
1285,6,5108,15.395,,,2484.05,20792.9
2807,6,2058,23.0783,,,27891.6,76295
1844,6,9679,33.7461,,,11780.3,19163.1
3859,6,3688,34.8657,,,12686.7,21803.5
1670,6,19747,9.90534,,,6337.43,19737.6
1900,6,13812,36.2548,,,38246.8,32672.4
1195,6,26478,47.9157,,,12298.7,18112.6
307,6,35772,21.6516,,,14698.1,33273.5
5116,6,5357,43.559,,,11295.5,39407
1245,6,2853,33.568,,,8536.68,26171
4671,6,11666,23.9283,,,38293,130540
2740,6,11730,41.9201,,52.2469,108798,113877
4956,6,21812,24.2106,,,3546.35,41046
2326,6,543,25.1972,,,27634.9,19099.5
5133,6,22920,6.02701,,,912.127,23626.5
13907,6,21282,68.3816,58.045,71.0436,140316,206779
2549,6,21175,47.9585,,,,19276.9
282,6,13328,20.5137,,,8701.14,20401.7
4727,6,16125,25.1655,,,16983.9,37250.2
3603,6,26044,45.1049,,,13894.2,18744.5
5219,6,17154,47.5835,35.4157,48.6443,117967,208554
5029,6,17149,51.6045,,,145561,203620
1428,6,33925,7.38412,,,287.008,20293.3
5349,6,20732,36.9666,,,10042.3,23642.2
938,6,17164,69.2313,,,12186.4,39442.4
1724,6,29457,25.1019,,,7226.63,29664.2
4635,6,10562,24.4619,,,15461.6,33394.4
2163,6,16096,37.5514,,,25109.6,47301
2718,6,8041,42.7949,,,5939.44,27848.5
1201,6,20545,50.7942,,,15274.8,55081.7
4689,6,13020,39.5281,,,7653.08,17261.7
1881,6,12792,41.6628,,,25000.7,43553.5
3318,6,18243,44.4851,,,18745.1,21588.2
4641,6,10677,19.1149,,,23554.3,83474.3
3337,6,19891,46.3513,,,9812.53,30314.4
13787,6,31312,33.9066,,,4709.9,16915.5
305,6,19514,31.7656,,,58601.9,89469.3
4139,6,11999,37.3284,17.2202,,43675,74160.1
5359,6,20870,58.64,,,42819.4,60214.7
4107,6,31646,36.3965,,,2583.34,20477.9
4749,6,30809,38.0361,,,28583.1,44376
2957,6,19405,20.8909,,,14687.6,23770.6
13911,6,24009,22.6684,,,5892.77,40898.1
887,6,15404,24.902,,,4836.36,41470.9
1828,6,8179,23.0224,,,17740.5,30699.1
3164,6,26709,27.7731,,,3556.88,38303.5
3064,6,19712,46.2888,,,9598.78,23139.9
907,6,15935,40.668,31.2414,49.9442,136456,303555
4643,6,30803,19.631,,,2848.05,26529.4
1395,6,11720,30.1581,24.5435,,27998.8,121868
4713,6,30802,20.0301,,,10838.8,47050.1
301,6,26310,11.4912,,,2135.4,17113.8
1638,6,33985,13.6423,,,9491.05,32658.1
1566,6,19199,19.009,,,13672.8,56080.7
5376,6,11475,33.2291,,,13318.6,30334.5
2682,6,88,45.8371,,,10936.1,20922.9
1791,6,5322,43.5691,,,45680.2,48135.4
14813,6,22046,42.6413,38.3298,,5684.2,47237.9
3373,6,21594,38.2227,,,17038.1,60571.7
3971,6,15378,38.4549,,,8371.35,19325.4
2289,6,13252,34.7148,,,41795.3,48287.4
1660,6,18285,16.5885,,,10404,18194.9
281,6,13134,26.2054,,,120422,205330
4433,6,13070,12.8364,,,5911.27,23297.2
1539,6,17786,58.7838,46.8704,,5127.53,20627.7
4291,6,12826,63.896,32.6801,,12639.6,24601.7
2028,6,12815,38.6057,,,28624.4,47369.7
1632,6,12766,34.7313,,,63296.7,57089.6
4399,6,4272,12.081,,,16792.5,43669.8
3958,6,14748,12.5003,,,5894.57,29476.4
2322,6,531,32.487,,,15886.8,23070.4
5139,6,8645,29.2195,26.76,,20459.4,29418.6
3965,6,14876,63.2114,,,13515.8,19376
1958,6,20106,44.3574,,,8148.32,16314.6
2802,6,766,33.7109,,,13723.4,24511.8
1562,6,26154,22.205,,,4087.87,22973
4302,6,26338,35.1988,4.47581,,7747.97,17946.5
4349,6,12411,19.4425,,,24420.9,66977.1
470,6,208,67.3606,,,26745.5,83549.2
704,6,10417,37.8074,,,10293,30784.7
3130,6,2499,33.5464,,,26922.9,55269.2
1404,6,12440,22.7227,,,6391.07,22220
2803,6,1683,20.1144,,,25808.4,57256.8
13819,6,35754,31.2776,22.0263,,69267.5,145810
4481,6,1822,32.3343,,,74672.3,118090
3556,6,30438,57.2925,,,10707.4,18160.2
4680,6,12288,11.8068,,,4478.19,18152.6
4997,6,24183,10.6867,,,2798.55,35347.5
579,6,4211,23.0139,,,4466.17,24577.7
2812,6,2825,19.0553,,,10079.9,23679.1
1869,6,11977,37.2611,,,15492.3,16769
13812,6,32559,30.7231,,,28729.4,29092.3
1728,6,29458,47.4436,,,46743.3,75220.5
3779,6,15757,26.0246,,,17248.6,20049.9
4102,6,1432,49.2996,36.4259,,56590.1,92002.4
14465,6,5844,41.9407,,,23161.2,59605.6
1645,6,24918,43.7487,,,19601.5,19114.5
1959,6,20227,50.5999,,,13225,24159.6
5288,6,9959,45.0689,,,32878.3,97812.4
3215,6,4682,58.9682,,,5846.69,18066.6
1233,6,1955,17.5302,,,13301.7,43931.9
1610,6,6333,27.0363,,,14050,26037.7
4721,6,30868,38.8412,17.4003,57.0122,164796,259797
4509,6,30798,17.6937,,,10393.4,44935.4
319,6,30787,16.3776,,,8107.5,35971.5
4180,6,30773,23.6572,,,17137.1,18754.3
1928,6,16753,38.1334,,,25048.8,23775.2
3612,6,19127,55.4048,,,24243.7,50031.8
4243,6,14143,67.5545,,,12471.6,34138.8
5015,6,14757,44.6736,35.7618,,132964,242897
541,6,21744,17.7513,,,3151.94,18186.7
2147,6,11275,38.4284,,,34295.3,51321.8
3509,6,12014,56.8866,,,10343.5,27393.6
1625,6,10991,23.7073,,,10012.8,29251.4
4652,6,10947,19.2553,,,2587.48,26563.4
15240,6,9655,38.2842,,,25057.9,57498.6
1561,6,18790,32.9633,18.3302,,11576.7,20474.1
2904,6,18151,40.479,,,20969,27509.5
2312,6,18101,34.6894,,,14434.4,27123.3
3044,6,17886,37.5373,,,138848,159387
4460,6,492,27.72,,,21519,83841.8
3951,6,13993,33.3082,,,22221.6,47243.3
2876,6,14458,31.294,33.3458,,33221.3,33375.8
4346,6,11500,18.1213,,,13603.3,22133
2726,6,9801,43.3669,,,26791,32945.3
2126,6,7956,42.0008,,,12210.8,20084.4
3251,6,9168,86.9747,70.0123,66.305,109174,247955
2845,6,11165,30.5188,,61.2652,15705.6,37953.3
1992,6,6438,29.1164,21.7337,42.6009,141204,252642
4214,6,6172,57.7752,,,52397.5,101559
4227,6,10496,81.1823,,,37720.6,59196.4
1810,6,29483,19.5229,,,7715.06,17397.7
1803,6,29479,48.7057,25.337,,31224.3,43995.8
1799,6,29477,40.3152,28.9762,,56121.3,107356
4364,6,17499,29.3062,,,31330.7,36252.5
4371,6,25967,13.5063,,,3039.1,21504.3
1461,6,24818,14.959,,,6766.1,19885.2
4946,6,21340,61.0591,,,10486.5,22880.9
2281,6,23923,23.5776,,,7736.47,29868.8
2733,6,23892,19.1581,,,4638.12,16500.5
2763,6,15385,18.1506,,,30488.5,55095.2
2723,6,23503,18.0767,,,3061.36,19138.6
1341,6,23442,43.7894,34.2507,,6245.66,56343.7
1338,6,23389,41.1052,,,3103.15,18808.3
4586,6,22900,11.4059,,,898.94,18968.6
1314,6,22808,52.505,43.3552,,5557.91,33328.4
2414,6,22757,11.7598,,,9217.59,30567.4
2128,6,8605,32.6727,,,21655.3,41654
5130,6,22747,6.08429,,,3797.06,18634.1
347,6,22719,13.2716,,,1798.31,26213.8
1719,6,17256,43.8161,,,10310.4,25439.1
2332,6,1283,38.4273,,,11258.8,21248
492,6,769,40.4974,,,2135.36,18795.4
1274,6,4456,38.9961,,,24359.7,59936.3
3953,6,14477,32.0691,,,10078.3,19154.2
676,6,8519,27.3544,,,3944.56,23714.4
5155,6,9621,20.5071,,,4166.01,27442.1
2754,6,14248,45.4264,,,8912.98,20457.7
391,6,34610,11.3879,,,2138.33,80549.6
369,6,12732,35.1849,,,8287.26,20687
5229,6,19480,46.6336,31.2212,,17417.7,31553.4
2993,6,9537,35.4568,,,42911.2,50104.8
3941,6,12566,19.9278,,,30313,47128.3
15287,6,16399,45.9335,38.9717,,16984.1,52178.5
4190,6,569,54.3142,,,24015.5,45503.9
3745,6,10672,14.9144,,,16327.2,27422.5
5233,6,1425,31.7705,,,16721.1,17435.7
14640,6,22411,71.6672,55.5647,,22653.6,124759
1214,6,19583,71.9985,50.6722,63.2889,55213,70602.2
5167,6,11194,21.1883,,,12139.3,59604.1
1657,6,17651,41.7754,,48.3824,94720.6,135894
5378,6,17217,28.7185,,,13745.8,22864.3
990,6,18630,38.4764,,,8116.22,21154.6
3991,6,18485,33.2549,,,15725.5,20984.6
4405,6,5854,32.0142,,,4445.17,20670.8
2573,6,2833,87.702,72.3386,92.751,,105138
14892,6,26746,58.8803,54.7818,,2190.02,30683.7
14821,6,25978,48.4798,32.8471,,3347.6,22659.4
1530,6,25714,40.1468,35.6474,,4271.72,35083.1
2715,6,23047,7.93356,,,18460.8,25847.4
1496,6,25065,16.6891,,,15459.5,54222
2771,6,16868,45.1694,,,17026.5,30058.8
1323,6,7654,55.1848,22.3268,,5354.09,22214.8
4006,6,19585,33.1097,,,13557,24631.1
4794,6,19118,31.9557,,,30413.7,62448.1
459,6,18910,30.0309,,,12591.7,26154.9
4398,6,3988,28.24,,,31396.4,41066.9
5225,6,18589,27.5709,27.8826,,14657.1,17198.8
15216,6,18322,33.2418,,,,75202.8
457,6,18258,22.0099,,,13772.1,22327.5
2169,6,18143,34.2522,21.0961,,87207.6,126807
5087,6,1411,47.7212,36.483,53.7373,44476.9,80748.1
14816,6,23443,44.3276,36.1775,,48747.4,75915.5
1263,6,4132,31.0924,29.8496,,7131.88,40397.2
1326,6,8176,53.6742,33.2048,,59440.2,141061
1328,6,8246,35.4613,25.004,,10204.8,60025.7
1387,6,11477,42.5419,43.0027,,25045.7,106690
1413,6,12683,65.2313,49.8687,,11779.9,40929.2
3247,6,8238,95.0079,73.7751,76.5589,18635.3,50031.7
4890,6,17150,55.9638,42.8151,68.522,227341,186419
921,6,16409,45.6869,33.8484,68.9109,304773,466259
1042,6,20685,63.4471,,,18302.8,50686.9
2805,6,1735,28.0911,,,89263.9,83324
2895,6,16123,33.2752,,,8603.36,17841
4875,6,14855,42.9148,,,42865.1,87825.6
4867,6,13726,38.7829,,,39860,46748.5
4862,6,12749,48.6448,,,13636.5,27800.4
4853,6,11299,20.3638,,,10862.7,46348.7
943,6,17431,30.4521,,,11741.9,34923.8
4844,6,9189,36.001,,,7798.23,26237.1
4817,6,333,33.7924,,,15348.6,25815
4896,6,17376,6.39888,,,965.384,17516.9
4893,6,17265,33.9407,,,36453.6,87642.9
4835,6,5189,19.8612,,,21530.3,42352.2
2806,6,2050,32.6588,,,11924.7,29993.5
4865,6,24493,44.3554,,,23716.6,62085.3
2860,6,13344,18.2803,,,47817.2,70859.7
4906,6,18207,29.5831,,,9089.21,34326.8
1287,6,22370,46.5066,,,13560.6,34729.3
4910,6,18442,27.897,,,10204.4,28975.1
4848,6,23772,33.5596,,,4605.86,35073.8
4860,6,24273,29.6117,,,3832.72,26426.2
1280,6,4810,40.6935,,,8207.47,35043.6
1417,6,31257,15.218,,,4179.84,22202.7
3167,6,26747,53.9844,,,23913.6,27452.1
2207,6,9938,8.73336,,,3517.52,24263.8
1244,6,31149,30.5484,,,11596,33412.5
2186,6,6513,21.4536,,,7530.62,18052.2
13796,6,25147,33.4607,,,21712.6,30777.4
275,6,9109,39.6211,,,37209.9,24880.4
3476,6,10248,42.3797,,,3524.34,17794.8
2885,6,15809,38.2483,,,8315.91,20116.1
4999,6,24255,26.5593,,,5431.76,18460.4
1237,6,21605,24.0167,,,42185.1,103311
1520,6,16033,21.8866,,,7853.14,16295.5
14920,6,32605,12.2099,,,7281.44,25980
1232,6,1903,40.3041,,,88979.8,84103.8
339,6,5724,24.0789,,,2703.92,31887.6
1320,6,7264,57.6464,,,11767.1,36739.7
14644,6,26092,36.5377,,,1159.32,19891.6
610,6,5159,33.3872,,,16316.1,45966.6
954,6,17500,65.722,,,5489.99,28933.6
14729,6,25923,20.9089,,,5595.3,24190.6
527,6,2099,48.319,,,49485.4,39174.2
1241,6,31839,14.6725,,,1032.51,25544.6
1055,6,26782,12.0761,,,3447.28,32107.7
697,6,9975,59.405,,,16440.8,59599.4
797,6,12524,60.394,,,29200.9,60063.2
663,6,7650,42.3387,,,15974.3,50443.8
1010,6,19707,53.6271,,,6477,35839.9
1257,6,3744,38.4168,,,34065,121316
1688,6,33942,14.3554,,,2211.22,20766.5
13754,6,3539,40.6502,,,16333,83004.5
5004,6,33885,30.5478,,,7684.68,34866
13934,6,28959,16.9044,,,3888.72,24113.2
3280,6,24831,31.1433,,,4217.62,23489.9
4602,6,30812,31.2133,,,59005.8,174866
4949,6,2010,41.3733,,,21188.4,42422.4
4264,6,26506,14.4552,,,7269.77,19511.8
4974,6,4327,24.8962,,,13937.8,20783.1
13298,6,22727,22.3985,,,7361.61,25495.8
1212,6,13035,40.0785,,,18582.5,31136.2
4266,6,20525,77.9779,,,6862.6,18003.2
14612,6,2344,21.9565,,,27375.7,98815.5
4235,6,11799,43.1778,,,8787.72,19715.4
13937,6,22018,30.1489,,,9749.15,70425.1
13591,6,2570,68.774,,,32187.8,77059
4236,6,13003,19.1522,,,23012.2,28814.1
4250,6,15820,13.581,,,6392.86,27049
4238,6,13511,8.09815,,,9369.8,20362.7
14841,6,5970,36.5785,,,8318.64,37997.1
3870,6,5847,16.258,,,46121.9,41832.8
13959,6,25057,54.3407,,,5541.14,30661.2
2400,6,22307,31.5401,,,74872.3,99432.4
2499,6,25541,27.374,,,3964,32369
2416,6,22783,21.1896,,,20866,65572.9
2390,6,21998,39.5962,,,15786.2,41952.3
13700,6,12010,27.4371,,,5275.59,18479.4
1371,6,23903,8.18041,,,3722.33,19613.2
1457,6,24805,28.04,,,10727.1,20903.1
619,6,5618,61.0192,,,5447.28,23322.1
14796,6,26083,46.9802,,,17428.8,40901.3
4842,6,8894,10.5642,,,1663.51,21925.9
5241,6,13430,44.2572,,,13313.4,16984.1
2444,6,9191,50.577,,,29741.2,39581.5
3591,6,16792,64.8662,,,30428.3,65898.9
14654,6,17676,33.4829,,,58990.4,175164
1874,6,12205,61.5812,,,10036,23737.1
449,6,16366,16.2196,6.59332,,8129.88,29542.1
4730,6,16231,33.6451,,,9794.19,30547.9
5246,6,15972,42.5105,,,23973.5,31254.1
1910,6,14740,38.7614,,,9769.41,18297.7
4832,6,4227,36.3332,,,15575.4,33269.1
512,6,1285,71.6293,,,10752.7,35754.1
773,6,11864,75.2895,,,3015.36,26577.1
587,6,4557,71.6421,,,59866.9,39501.2
779,6,11970,40.519,,,24734.7,77887
495,6,809,23.2549,,,7787.42,28220.3
623,6,5747,35.408,,,10523.4,29545.9
5064,6,35539,49.7782,,,5947.93,29471
13270,6,26819,38.055,,,15232.5,37665.5
3155,6,17527,39.9234,,51.9116,35702.4,90204.1
1282,6,22312,12.7035,,,4170.69,31171.9
14774,6,23657,12.9963,,,5897.14,31754.1
1736,6,1280,37.5539,,,28194.3,44119.9
2673,6,29661,20.2901,,,,22547.7
4708,6,14499,43.2614,,,58368.5,149115
1375,6,10973,36.8984,,,14241.8,53120.5
1470,6,14281,14.3679,,,1857.09,23779.3
4648,6,30836,35.794,,,42934.3,95503.2
1423,6,13016,56.4158,,,17594.8,41309.1
4506,6,30825,33.7297,,,67301.3,119013
4784,6,18511,28.1298,,,4348.45,36205.4
642,6,22693,38.2771,,,3035.95,32490.4
14650,6,9895,31.5427,,,6750.09,20139.4
1576,6,19368,17.482,,,18251.7,65127
3162,6,25983,18.198,,,483.572,19531.8
1695,6,20026,47.5111,,,7110.4,37337.2
1005,6,19533,24.3573,,,5798.56,17537.4
3239,6,6749,38.3512,,,6755.85,18450.7
4210,6,5583,65.0021,,,6888.62,26753.9
3262,6,10320,42.8825,,,1463.7,17339.7
3269,6,11914,30.8988,,,9206.29,28400.2
2166,6,16542,25.9947,,,16703.7,62127.2
13495,6,15507,73.2138,,,24466.7,66135.2
13789,6,26823,45.7166,,,1195.68,20369.1
531,6,2280,53.1042,,,33644.7,80664
2534,6,26447,49.1906,,,61412.7,55645.5
2395,6,22248,34.2648,,,34602.8,20765
2367,6,21457,21.3323,,,8153.06,47526.1
2387,6,21935,37.2556,,,6851.81,29706.9
2601,6,29734,31.4872,,,,31643.5
13643,6,21404,49.1585,,,14738.2,26195.4
2663,6,18529,52.3481,,,,60487
14292,6,23703,26.7202,,,2895.63,17288.9
3424,6,7419,52.7413,,,8694.99,26759.7
3488,6,11031,67.7963,,,6625.06,33181.1
14146,6,24744,63.2534,,,2409.81,16721.8
3621,6,19403,64.837,,,11844,37264.6
3496,6,24185,46.7781,,,5963.87,21557
3367,6,21345,64.8186,,,4846.94,24110.3
3400,6,22543,54.0295,,,10772.6,38312.3
3482,6,10827,56.5015,,,5768.89,27193.9
1801,6,29478,40.7778,,,56131.7,32768.6
1254,6,3670,27.7954,,,6229.47,28508
1485,6,14883,31.8813,,,48127,84758
1189,6,26158,41.3814,,,27468.1,51469.7
4736,6,30795,16.2316,,,1129.66,20082.2
3531,6,12851,69.2257,,,9577.22,28747.1
3855,6,2485,19.8784,,,8239.2,33578.6
3917,6,10611,66.3155,,,12149,51915.7
3836,6,905,11.5686,,,8352.7,21333.7
3885,6,6780,35.6615,,,5442.46,16779
3852,6,2402,25.8784,,,11721,18867.9
1067,6,21029,23.5427,,,6452.02,51238.1
2611,6,9821,40.7148,,,,38437.8
3849,6,2349,9.6851,,,5265.84,19394.1
14121,6,26666,19.3582,,,1790.02,24845.6
4054,6,5132,36.1907,,,4221.21,21038.3
3893,6,7417,24.2181,,,14496.7,32830.8
2209,6,10258,28.5595,,,30181.5,26737
2827,6,6257,28.6278,,,40114.8,20495.3
1643,6,24912,36.8197,,,9862.24,16734.7
14643,6,25415,41.5125,,,11441.1,48763.6
14361,6,15433,52.2143,,,8431.11,20039.7
13761,6,31458,33.7191,,,3920.26,45122
3249,6,23338,59.9674,,,15468.1,18554.9
3589,6,16773,36.0134,,,4694.9,17305.4
3405,6,22562,24.5116,,,7844.3,22335.1
13645,6,23555,39.8549,,,3897.04,18517.4
3387,6,22237,55.3422,,,6399.11,22783.4
3416,6,22885,68.1332,,,5090.43,29243.6
1528,6,25695,41.038,,,5886.17,22271.2
4109,6,3215,33.8402,,,3769.89,16476
4100,6,21208,29.0582,,,3867.3,19216.3
3523,6,24488,24.3124,,,11700,33614.9
3474,6,10149,43.8798,,,2460.21,18280
3608,6,30629,46.4188,,,28742.5,58204.2
2599,6,8820,71.0967,,,,76117.2
14637,6,21169,48.3121,,,4535.47,42357.9
1753,6,2479,55.098,,,5815.04,28734.6
5322,6,15221,21.6646,,,17480,34617.9
1725,6,257,41.8715,,,14744.4,18734.3
1811,6,7073,58.0382,,,16397.2,18336.7
1841,6,9127,43.0406,,,7839.7,19450
1197,6,20096,48.2905,,,41317.6,109863
4175,6,30775,29.2983,,,22281.8,25748
3214,6,22015,39.6536,,,1276.89,17703.2
660,6,23052,25.4354,,,5877.9,20491.9
371,6,13300,12.1191,,,8276.36,40800.8
2616,6,29690,38.8521,,,,24999.3
14629,6,18904,64.4856,,,10481.4,23084.7
3023,6,34112,11.176,,,1672.18,19079
14787,6,21520,16.6909,,,3441.56,22431.4
2141,6,9995,31.7848,,,55047.7,48219.4
4483,6,1855,42.0223,,,21895.3,46642.7
725,6,10433,76.8056,,,5426.94,31843.2
3294,6,15325,58.7319,,,9009.91,49531.8
1065,6,21023,39.708,,,19937.3,63979.7
5259,6,2575,20.3055,,,42067.7,38091.5
735,6,23884,24.862,,,1867.34,17497.3
14642,6,23174,33.4717,,,8136.38,52997
4066,6,9591,12.5813,,,5263.02,16737.5
5165,6,10985,21.6922,,,2255.75,21737.6
433,6,8862,22.1322,,,7808.7,28005
3009,6,11643,21.7727,,,3920.93,17981.4
2999,6,9905,39.0806,,,13145.7,27401.9
3978,6,16048,15.0175,,,5018.15,18262.7
14647,6,26752,50.7763,,,1299.63,22178.6
14646,6,26623,48.0875,,,1153.4,22374.6
452,6,16927,25.643,,,38192.3,69429.2
1044,6,20753,43.7845,,,25617.5,105157
862,6,14699,46.7579,,,22425.2,57297.9
631,6,5980,34.1573,,,36229.7,103991
14119,6,5672,31.1274,,,26321.4,152482
606,6,5007,43.4406,,,4816.64,18003.3
4137,6,11457,40.6863,,,13066.8,31367.3
4131,6,9771,35.5288,,,5302.12,35907.8
3229,6,5544,62.1018,,,16216.6,27111.9
1030,6,20361,35.7242,,,28167.9,91623.2
4023,6,20809,50.904,,,12336,18147.4
3576,6,16226,62.3145,,,12559.3,24068.7
3634,6,26547,63.4696,,,4438.47,18751.8
775,6,28378,5.25861,,,1922.3,18503
909,6,16066,39.105,,,11282.5,40144.4
4089,6,16767,23.7412,,,8675.1,20152.1
4087,6,35763,17.7545,,,5303.69,18638.1
4624,6,9062,45.2007,,,14801.5,37216.5
3070,6,20054,9.41704,,,5144.21,35381.2
14635,6,18661,63.6609,,,6724.47,25502.8
4010,6,19880,40.9377,,,9807.35,33816
987,6,18603,62.7088,,,15047.4,20523.2
4674,6,30833,35.0807,,,46074.4,139329
848,6,14292,24.3207,,,27280.7,152504
2035,6,15551,19.058,,,21236.4,27395.6
1980,6,2672,16.7473,,,58220.6,79550.6
890,6,15422,33.0131,,,16866.7,47495.6
4560,6,5179,24.6391,,,10721.6,49503
3146,6,24754,3.86016,,,4210.11,36437.9
810,6,13111,46.8513,,,15845.9,42577
992,6,18672,56.3744,,,44047.2,62213.1
777,6,11961,54.4887,,,26346.2,32548.3
895,6,15525,57.5863,,,50244.6,77024.5
517,6,1362,45.916,,,5900.05,25550.4
591,6,4636,61.8904,,,18491.4,97134.7
952,6,17490,63.2882,,,40774.2,97068.7
644,6,6524,41.7539,,,19535.2,30159.6
945,6,17447,61.9788,,,38272.6,85111.4
2862,6,13553,13.9296,,,7427.62,22649.8
758,6,11234,40.7185,,,15146.8,29572.8
2843,6,11009,20.3238,,,45724.3,49448.6
738,6,23911,52.0118,,,6733.58,16966.3
2881,6,15366,22.3367,,,15556.7,37092.6
673,6,8439,52.4023,,,64990.1,144684
2830,6,7685,54.5806,,,11134.7,17631.9
2820,6,4692,17.001,,,53589.3,60632.2
751,6,11018,42.7884,,,8643.81,29108.3
1026,6,20321,43.8742,,,20324.9,69385.7
553,6,21841,35.1237,,,13395.3,61308.4
589,6,4561,46.5927,,63.8537,31525.7,58810
4195,6,1606,26.9142,,,12668.4,32378.4
1185,6,17452,16.1132,,,22850.7,39564.9
1147,6,294,37.5602,,,3640.97,19149.8
781,6,12130,54.0983,,,5016.17,21482.8
947,6,25747,50.5342,,,3529.62,23171.1
14569,6,21280,57.872,,,3063.7,21561.3
1017,6,20144,40.0951,,,15953.5,82024.1
658,6,7521,43.8047,,,14562.4,48375.8
802,6,12625,32.0501,,,12807.8,37008.1
783,6,12204,45.8363,,,41144,66798.2
874,6,14986,39.2436,,,52061.1,69608.5
3601,6,17996,56.2084,,,6075.67,29921.7
3584,6,16733,41.3053,,,21931.4,26563.4
4902,6,18132,39.3811,,,5569.68,16205.8
4888,6,16696,28.3107,,,4646.62,36661.4
2658,6,17694,28.228,,,,55709.3
2597,6,7494,40.1391,,,,60837.8
2661,6,29593,45.706,,,,25010.5
2627,6,13521,41.7263,,,,50987.7
2578,6,29629,34.9151,,,,26574.4
14873,6,26127,31.8837,,,3744.72,28448.9
2668,6,19642,28.4935,,,,41026.1
1858,6,11188,37.8449,,,22218.3,21941.1
1953,6,19673,48.4744,,,10280.5,21600.3
1966,6,29522,29.8064,,,11197.9,32435.4
1859,6,11267,23.1762,,,4876.8,24433
1891,6,13549,23.0111,,,6015.75,23937.7
5357,6,20803,56.6402,,,48662.3,46550.2
864,6,14737,55.7159,,,16886.2,63449.7
1850,6,10489,21.4962,,,3062.35,28833
1734,6,29463,29.388,,,15612.5,25277.1
2780,6,18985,35.9343,,,102961,71893.3
2370,6,21486,37.0373,,,19556.2,17133.7
3500,6,24211,18.9488,,,11202.6,24084.7
1948,6,29517,33.388,,,19824.1,55857.8
1936,6,29511,39.8708,,,81465,74079.6
1838,6,29487,33.6418,,,28723.6,51497.7
1945,6,18644,32.1506,,,6689.12,39693.8
1921,6,29505,19.9448,,,11867.3,38645.2
4233,6,23979,35.3397,,,7079.65,52803.1
3301,6,15819,65.9165,,,10568,27210.2
1783,6,29472,40.8986,,,25068.1,18110.6
629,6,5945,62.1347,,,17624,27404.6
471,6,224,35.7525,,,16923.2,47427.9
4885,6,16502,22.3345,,,7087.25,38510.6
2478,6,25062,19.2548,,,7140.04,36958.9
1581,6,19743,43.3234,,,25252.5,27957.8
3761,6,11357,24.7717,,,20844.5,17457
3650,6,387,22.4924,,,11886.4,35676.1
3889,6,7074,28.1983,,,8839.34,18645.2
1537,6,34829,10.0837,,,4414.72,19196.4
1022,6,20258,49.2796,,,37329.9,74875.8
2431,6,7974,47.8139,,,35984.6,60283.1
2435,6,23193,33.6512,,,21238.8,85830
2356,6,21264,29.0169,,,5642.26,48534
978,6,18067,42.3052,,,9386.1,24316.1
2449,6,28927,17.6114,,,3612.86,23319.4
2485,6,25198,54.3407,,,5541.14,30661.2
2519,6,25943,16.587,,,10714.5,44025.7
2409,6,22637,50.6322,,,14059.5,63402.4
1098,6,30846,10.3215,,,1692.01,17884.7
4563,6,5580,41.041,,,9127.74,38947.3
1091,6,32322,24.8096,,,2920.72,31782
817,6,24623,50.1396,,,16157.9,43504.5
4931,6,2749,55.2037,,65.1946,31857.2,42119.8
1051,6,20793,59.205,,,22199.6,90158.4
13756,6,21809,41.9292,,,16894.6,61793.4
4104,6,1543,32.9449,,63.7792,40053,76040.4
624,6,5771,68.5945,,,65921.5,16924.8
793,6,12502,62.158,,,24821.9,63097
2600,6,8925,38.6723,,,,40482.5
2160,6,14922,38.7423,,,6178.64,21453
4531,6,30867,25.0179,,,24326.7,38413.6
14611,6,24381,24.6185,,,1321.7,35609.8
2592,6,6572,39.0617,,,,20161.6
2883,6,15501,15.2254,,,11367.9,24352.5
4685,6,12496,23.8771,,,9986.83,67569.5
5343,6,19799,30.0153,,,9218.49,28981.5
5269,6,6659,29.1042,,,5813.72,25071.8
3311,6,16859,31.5558,,,8953.5,42749.6
3194,6,21240,49.7056,,,6584.41,16913.2
3340,6,26641,56.4441,,,20201.6,19428.7
3207,6,2768,57.9966,,,7636.83,22717.6
3566,6,15333,77.7339,,,8554.51,28862.3
3304,6,16161,41.4122,,,12528.8,24961.7
3428,6,8270,39.2236,,,21812.9,27397
1901,6,14314,22.0882,,,9565.42,27401.3
3439,6,23369,27.6051,,,11649.1,26999.9
3597,6,25680,25.2288,,,4640,27854.5
3432,6,23237,26.269,,,42933,20946.5
3209,6,3533,86.4754,,,2733.47,23025.1
13426,6,7704,39.2236,,,21812.9,27397
3442,6,23381,20.5312,,,9242.97,19754.2
13608,6,23810,40.2498,,,5455.17,20071.9
3283,6,14436,82.3503,,,3382.86,19415.4
3449,6,23499,51.5721,,,6976.85,32947.8
3309,6,16741,68.1357,,,7153.11,18247.6
4269,6,20662,20.8776,,,14421.2,20503.8
4846,6,10298,21.388,,,6533.37,27240.7
4915,6,18971,22.5963,,,2986.31,24177.9
1898,6,13842,36.1554,,,18974,31901.5
1808,6,6341,56.7083,,,8111,19793.9
1903,6,14134,34.5404,,,6495.46,26903.2
1871,6,29497,23.5617,,,8085.21,18762.1
1940,6,18111,39.986,,,11245.6,22282.3
1831,6,8545,51.937,,,10045.7,25077.7
4443,6,17754,17.877,,,23941.5,39833.5
4178,6,20123,30.6982,,,5075.46,24588
4144,6,13439,46.5427,,,7872.57,21243.5
5182,6,12131,47.4845,,,5170.68,19671.1
1144,6,20778,48.5375,,,16498.7,30244.1
3561,6,25077,48.0794,,,20436.7,26245.6
1752,6,29466,40.0088,,,18050.3,40513.4
2765,6,15483,50.4971,,,9193.47,29364.6
1849,6,10471,19.8188,,,14962.1,19308.3
1608,6,5684,55.7174,,,15646.6,19223.5
437,6,11375,16.4596,,,5639.59,17146.9
524,6,1885,20.6308,,,7201.79,20287
14636,6,20628,31.0676,,,8802.48,29470
506,6,1084,37.1668,,,8190.28,22780.6
1207,6,21344,25.1381,,,2990.97,19267.2
886,6,15403,15.0167,,,15023.2,17334.3
509,6,1259,21.8981,,,5261.81,36218.2
555,6,3115,36.0463,,,9149.58,51052.3
9977,6,26180,22.5253,,,6034.69,40918.3
13772,6,22880,24.2994,,,7274.25,23639.7
3226,6,5497,56.8487,,,8623.53,19469.5
2864,6,13662,5.94531,,,5255.33,23587.8
790,6,12449,60.2268,,,17448.2,36831.9
499,6,921,51.8861,,,17892.9,46218.4
913,6,16137,60.5852,,,24675.9,53690
3453,6,30242,34.2499,,,11199.4,51064.3
508,6,21367,39.622,,,1467.22,21326
2702,6,5419,45.9462,,,8973.87,57684.6
2822,6,4831,13.3892,,,10332.4,22959.2
3383,6,29983,34.423,,,43291.1,75037.1
2560,6,1490,46.5523,,,,39397.6
4071,6,12358,29.4399,,,18103.7,54235.3
540,6,2579,41.4463,,,29685.9,64657
5324,6,15487,26.2201,,,9944.1,17372.9
5049,6,35153,38.7118,,,10801.9,27574.5
14866,6,15153,28.4876,,,24483.3,47985.7
14879,6,4596,51.5841,,,23750.1,47826.9
699,6,10208,45.5572,,,16165.7,48396.4
14868,6,23714,25.8162,,,3795.33,20646.8
1653,6,17232,22.2394,,,39585.8,88438.1
567,6,3578,43.7252,,,15768,35251.1
2832,6,8946,13.7297,,,13727.1,55739.2
1218,6,227,35.1883,,,31990.9,40867.7
3274,6,13201,73.439,,,43332,54986.6
3436,6,23332,59.883,,,26018.8,41626.2
1112,6,23760,36.6898,,,8260.62,32310.3
1642,6,24906,43.8041,,,12600.3,40112.3
3646,6,26668,50.5022,,,3652.23,17375.9
3422,6,7197,55.2065,,,23023.8,23030.1
3264,6,10469,64.9948,,,5479.99,23960.6
988,6,18624,66.3709,,,23118.7,94076.5
3554,6,14379,61.9293,,,6377.38,24560
1028,6,20340,45.2411,,,24817.6,73198.4
785,6,24321,24.8909,,,2215.52,22044.9
3895,6,7498,44.9263,,,11211.2,28753.3
861,6,14685,23.2335,,,13047.2,68102.2
14889,6,26107,45.6123,,,5345.37,55933.4
2589,6,29626,41.0085,,,,68029.8
5138,6,23272,26.8844,,,1901.13,22613.5
1555,6,18357,24.461,,,15477.2,43527.7
2675,6,29622,36.9903,,,,21231.2
5301,6,13133,23.3044,,,31693.6,35726.5
2134,6,9865,39.5594,,60.1538,42910.8,86851.3
4985,6,30875,44.6131,,,22629.1,24103.7
4142,6,30776,48.2182,,,13578.4,20165.6
5158,6,10264,39.4614,,,18927.1,36436.6
2358,6,21328,25.5658,,,17885.5,18209.5
1381,6,24068,22.3186,,,10552.7,34756.2
4446,6,18036,10.9957,,,4622.08,28841.6
4099,6,21196,36.9918,,,6814.94,48933.2
776,6,33742,13.6421,,,8792.62,77841.2
2813,6,3300,47.5502,,,3294.62,19161.8
5337,6,19039,43.7733,,,6173.74,21001.2
5346,6,35755,41.7867,,,13602.5,27227.5
1483,6,14750,38.8472,,,37603.5,48801.6
1359,6,10017,42.1822,,,57616.6,77814.9
1246,6,21877,21.1133,,,7005.8,24287.2
1574,6,26297,26.484,,,4549.91,21834.7
1510,6,25248,12.8546,,,6647.52,70978.9
1569,6,19352,18.4571,,,8271.97,18104
1445,6,13979,12.6189,,,17623.3,102627
1351,6,23601,28.1415,,,9967.5,28433.7
1379,6,11199,29.2012,,,46883.5,75624.2
1409,6,12669,43.5227,,,10079.4,40642
1361,6,10054,44.5449,,,7219.72,32509.1
1266,6,4292,28.081,,,37487.2,92109.4
2811,6,2812,14.5782,,,19829.9,23121.6
1271,6,4362,39.0758,,,35018.4,74141.4
1683,6,7215,34.6654,,,4432.96,34122.9
1669,6,26385,23.2775,,,21329.9,27729.7
1690,6,13151,35.812,,,3805.64,27425.2
5283,6,9149,17.4416,,,10857.1,17384
2007,6,7930,48.3443,,,29127.5,81145.6
1434,6,13166,20.6931,,,12261.2,34521.1
1220,6,441,17.5171,,,10340.5,41300.6
3984,6,17004,28.3359,,,9141.25,35416.2
915,6,25389,40.2423,,,5870.84,22682.6
1687,6,31251,15.6524,,,1275.65,17793.9
1348,6,23463,7.02891,,,3250.44,23951
968,6,17700,50.4702,,,36265.5,99339.6
721,6,10233,27.9524,,,35193,156592
4020,6,26754,29.1737,,,3547.06,19068.5
15285,6,8944,30.4257,,,2769.61,20455.9
13921,6,35602,45.7166,,,1195.68,20369.1
4693,6,13493,31.7431,,,19292.1,62908.6
13593,6,31287,19.9119,,,4026.42,18039
1623,6,33537,18.7047,,,19143.2,76635.4
386,6,15973,10.2707,,,2089.39,25223.7
2788,6,20734,42.8506,,,56781.1,133954
956,6,17518,49.7242,,,35404.9,57497.5
2976,6,6951,34.0673,,,8678.36,25378.9
718,6,10167,52.6988,,,18510.8,79371.4
1795,6,5734,31.9224,,,7222.05,26707.4
3002,6,23859,42.8773,,,3721.96,16661.8
2537,6,26609,18.0098,,,20150.5,67274.8
502,6,998,48.9797,,,19115,74420.7
4519,6,22098,47.3869,,,2060.4,22923.9
2514,6,28939,19.7087,,,4674.08,24454.5
1420,6,24515,39.2092,,,9164.88,22745.6
13249,6,31204,35.1715,,,1271.13,17350.3
14810,6,17814,38.8446,,,72845.3,84144.9
14555,6,6671,43.7488,36.4242,61.1034,87226.1,214084
966,6,17680,62.056,36.7755,83.7993,29768.8,59631.8
970,6,17882,81.7756,60.1214,82.551,80310.6,89617.7
13786,6,19389,68.9716,62.5886,,5909.65,17101.5
561,6,3445,41.3671,,,35732.9,77517.5
1082,6,3327,37.2711,,,51585.1,100628
5056,6,26538,48.1724,,,98966.7,19229.4
1110,6,23461,28.8728,,,19895.6,96472.5
1132,6,14937,22.0774,,,10857.4,45070.6
5179,6,12155,34.4419,,,14177.8,31636.3
1089,6,4296,30.8437,,,27256.9,45786.6
14893,6,26728,53.883,,,5634.46,21891.7
2826,6,5877,33.8938,,,28484.8,27298.8
1087,6,30826,32.7818,,,3972.67,24240
2782,6,18086,41.6885,,,14129,59743.4
1972,6,20755,36.5453,,,6165.45,24034.6
2906,6,18242,17.1156,,,16715.6,61866.5
2831,6,7947,16.4899,,,8733.93,33981.5
2526,6,26125,25.661,,,4466.09,25998.5
4821,6,1991,33.639,,,11408,42416.4
1567,6,26279,9.90722,,,6895.63,43712.9
2406,6,5501,50.5567,,,13345.5,20792
1063,6,21006,27.2082,,,12843.9,64171
2364,6,21453,17.8828,,,5267.98,30752.3
905,6,15724,34.6751,,,3332.07,22220.3
1038,6,20635,38.2872,,,54758.6,63806.9
708,6,9927,23.103,,,9670.73,24015.5
893,6,15494,36.0347,,,28206,68835.2
1509,6,25196,29.7841,26.9472,,1201.28,31450.3
2567,6,29676,78.3123,75.941,,,59627.3
2615,6,10229,56.3671,,,,27022.6
15244,6,18707,35.4671,,,5657.69,31298.8
2761,6,15309,13.8113,,,9782.25,24051.6
5381,6,17852,28.3933,,,9222.99,17042.6
5373,6,8136,20.647,,,18194.8,28227.7
5367,6,3428,37.6708,,,27761.7,54706
2339,6,16583,23.2485,,,6515.77,18532.9
2696,6,2248,56.1988,,,14548.5,19956.3
2747,6,13011,53.8986,,,22905.9,29542.4
2731,6,10554,48.038,,,30630.5,33571.7
2706,6,6206,50.3365,,,26496,48668.8
2786,6,20232,28.1088,,,96113.5,81304.5
2783,6,19341,31.4364,,,48701.3,129782
3186,6,16139,46.1916,,,30110.9,20691.6
1961,6,20295,39.2688,23.8508,,20635.3,52300.3
1946,6,18858,25.4236,,,8311,17043.3
15041,6,11504,49.0128,,,63670.4,109056
5355,6,20782,40.0711,,,33984.5,38514.2
14943,6,35717,19.5238,,,23611.2,91378.4
14927,6,30823,21.3998,,,49480,98063
837,6,13969,49.3795,32.7237,,89567.2,136314
14862,6,5597,53.7072,36.9949,,37918.1,98985.2
1630,6,12549,31.2884,,,51617.7,90404
14823,6,26298,62.5507,40.0323,,6763.81,29516.1
14822,6,26090,55.2421,41.9022,,7339.18,27097.3
2785,6,20182,35.4955,,,3481.74,18701
2781,6,19002,47.6849,,,10935.8,29800.2
4368,6,17959,18.2081,,,15060.5,41842.9
4752,6,16932,16.4455,,,10085.2,31306.5
948,6,17464,50.4986,15.4501,,33004.8,43973
986,6,18502,26.5265,,,5605.03,24519.7
4453,6,243,30.8272,,,51820.4,116651
4353,6,13040,20.4477,,,6810.99,21519.6
14728,6,13363,33.049,30.0958,42.3785,54536.3,217126
4441,6,17351,23.0906,,,14514.9,20067.5
4448,6,19093,18.7851,,,10906.3,18534.5
4431,6,12923,26.8002,,,28221.7,29027.4
4394,6,3641,28.7224,,29.668,159152,168164
4439,6,14278,17.4434,,,32620.6,29259
1019,6,20226,40.2442,,,14412.4,58379
434,6,9092,22.3213,,,40870.2,67023.5
1551,6,34946,4.14785,,,2564.89,38389.4
1298,6,22585,10.5304,,,1860.09,18163.2
1392,6,11490,40.0261,29.6586,,22371.1,28920.7
1236,6,2052,37.3482,25.2343,,29404.4,48973.1
14560,6,12739,58.6293,41.8717,,53974,74425.9
14554,6,2112,35.6237,,,8434.68,50990
1003,6,19457,54.9964,40.0471,,84518.9,138782
428,6,6318,34.2322,,,60776.5,85943.1
4052,6,3807,25.4355,,,11316.4,18343.9
14535,6,16595,30.8058,,,25371,24239.8
3723,6,8466,15.4679,,,14759.3,46393.3
1227,6,1385,38.7271,,,4141.87,16646
1525,6,16613,14.9029,,,2843.96,21767
340,6,5759,13.5048,,,1373.74,16421.4
382,6,30786,16.1499,,,3054.81,26284.1
393,6,16660,31.723,23.5112,,154648,216614
333,6,3104,32.8585,18.051,,88962,234398
1621,6,9881,17.9302,,,8331.04,32770.6
4566,6,5839,28.2427,,,36136.4,75374.5
4715,6,14821,34.5743,,,22664.7,69788
1345,6,9311,64.4841,,,15444.9,24478.1
1301,6,6208,37.7361,,,55102.7,62377.2
1242,6,2654,17.5351,,,22688.8,154300
1368,6,23728,7.30208,,,6218.18,86653.9
430,6,8549,30.8656,,,25454.2,34642.1
14209,6,20263,35.9442,,,20282.8,40971.6
3923,6,11424,36.3843,,,15616,63453.7
3989,6,17984,47.4676,,,11814.9,25606.4
3967,6,15208,20.2,,,10157.2,20431.3
891,6,15485,25.6374,17.5289,42.4904,41157,89645.8
3927,6,12201,34.4155,,,10923.6,36479.6
1970,6,20737,18.1137,,,4956.59,16538.8
2119,6,6521,40.863,,,11836.1,26373.7
5001,6,12180,28.9524,,,46729.3,75380.1
5038,6,17881,29.008,,,22928.2,24536.2
4980,6,6790,51.5216,27.1304,,23632.5,23236.3
4972,6,22124,11.7562,,,6646.04,20952.8
5009,6,33922,18.5832,,,2508.83,18328.9
4996,6,11452,34.884,,,18767.5,42203.6
13776,6,31343,46.7935,57.6866,,9489.03,48055.1
4969,6,4144,21.0348,12.9852,,98255.3,222581
13755,6,15387,38.9232,31.6768,,43972.6,64637.9
486,6,21251,50.5006,31.5303,,46991,91738.5
4659,6,11482,25.6546,,,31511.3,35008
14457,6,12439,19.6202,,,12956,21393.5
4425,6,11830,26.3302,,,20218.9,27229.3
4517,6,3978,27.7134,,,13682.8,29222.7
4536,6,4355,11.2967,,,3134.24,19840.6
4220,6,8551,63.1339,,,8533.18,25432.2
1102,6,7006,35.9557,33.3813,80.0813,72187.6,143332
1118,6,30816,38.1778,35.6743,,31013.5,41647.8
13735,6,30830,21.6034,,,6230.22,18400
1092,6,5155,59.9282,46.8713,71.2641,435743,596983
1086,6,4147,34.5405,17.8351,46.3799,186195,415281
1134,6,15932,36.9988,,,43681,106180
3727,6,8738,21.4898,,,32129.5,69644
3737,6,9142,30.246,,,20919.3,21282.3
3762,6,11819,27.6385,,,20867.2,29396.6
3709,6,7680,22.3365,,,3692.55,20086.1
4343,6,8198,19.0493,,,5210.56,17970.8
1806,6,6331,74.1336,50.6235,,45510.2,74590.8
1938,6,17917,63.5257,42.3782,,34272.1,64856.2
3744,6,10113,28.731,,,20735.9,20783
3691,6,5903,20.3644,,,79481.6,200402
4351,6,12572,41.0376,,,35796,26649.1
3776,6,15348,20.8342,,,17812.1,27460.1
318,6,31465,19.7419,,,1889.22,21552.7
277,6,9408,22.979,12.4969,,135964,179192
2017,6,10307,37.4475,,,30650.6,45215.7
5333,6,16901,54.1341,,,28380.9,78287.6
3887,6,6919,35.5812,,,28773.3,40953.8
3115,6,7163,41.7141,,62.3497,150620,257101
2067,6,4908,41.2282,,,64530.3,99657
13539,6,10380,34.3623,,,2607.08,25278.5
2737,6,10896,24.6923,,,44293.7,48543.9
2684,6,346,46.8573,,,11008.7,28568.6
3057,6,16702,24.2986,,,29180.1,52732.4
539,6,2501,48.4407,,,10524.6,38211.7
1804,6,6111,70.4631,51.5675,,3118.96,24259.2
4000,6,19271,15.6554,,,8160.01,17525.1
3864,6,5094,42.5915,,,19366.2,50044.6
2102,6,20085,32.1089,,,21966.4,39442.8
2043,6,18137,42.4969,,,57680.5,101266
5261,6,3092,8.01761,,,4276.06,24798.6
1866,6,11705,39.0536,,,9150.06,18706.4
1768,6,3735,71.4507,51.5063,,16576.9,83505.4
3863,6,4664,40.3935,31.0027,46.5158,469864,775159
3817,6,20814,28.5483,,57.5307,9455.42,25713.3
3806,6,6610,43.3239,,69.2928,88066.1,105496
2009,6,8571,44.7689,,,10051.3,23596.5
3947,6,13680,38.8861,,,11733.5,16621.6
4012,6,20157,28.0352,,,9448.96,21137.6
1300,6,6173,58.4144,38.774,53.5672,145983,165694
5340,6,19502,44.2139,,,21806.4,26653.6
5296,6,12741,34.5154,,,22813.6,18871.6
5294,6,12402,37.1144,,,20062.3,33487.9
5213,6,31297,18.581,,,1148.64,20841.1
5203,6,15087,32.0792,,,38818.4,48010.6
5152,6,9353,27.6764,28.4786,,16786.2,41716.3
5147,6,9016,38.1259,33.9533,,57122.7,92135.4
2840,6,10943,68.1658,57.5198,81.2686,296671,381729
693,6,9361,43.4827,27.3847,69.7169,217505,212841
5102,6,2446,17.5873,,,6383.93,19406.3
5090,6,1864,15.0168,,,2621.8,17333.4
5078,6,29438,30.9955,24.4825,,37254.3,70027.6
5072,6,13,46.1199,,,7297.8,16891.6
4992,6,9755,35.183,,,8186.29,22460.7
4944,6,29015,32.8047,,,26580.6,43325.7
4802,6,19420,25.5909,,,14547.9,29613.1
4797,6,19250,34.3272,,,71411.5,124512
4754,6,17069,34.8722,,,14458.9,25221.8
4034,6,21081,41.2356,,,19585.9,25227.9
3996,6,18927,35.4732,,,10980.1,18477.8
5267,6,5746,33.5715,,,48820.8,65116.7
5256,6,1708,41.207,,,14851.5,36649.8
5250,6,20969,37.1058,,,23981.5,28091.6
3943,6,12672,25.7672,,,10712.6,20406.1
3877,6,6504,28.5241,,,24950,53974.4
3833,6,21292,24.1036,,,12127.6,29451.8
3773,6,15233,27.2858,,,22778.8,32790
3680,6,3809,26.2237,,,7630.27,23514.2
3385,6,22201,31.0711,,,17128.7,36149.8
3334,6,20004,94.2266,72.1315,,7920.72,49771
4690,6,13081,22.0818,,,25243.5,57342.2
4688,6,12913,26.1576,,,20453.7,32666
4686,6,12870,17.0102,,,1791.65,17705.6
4666,6,11934,25.3584,,,12557.6,23426.5
4594,6,7178,49.5628,,,33811.6,47821.5
4490,6,2140,20.4582,,,9452.35,26843.5
4384,6,17720,34.6322,,,13880.2,20957.2
4345,6,10527,22.8623,,,9050.55,16483.9
4336,6,7898,32.3129,,,16920,22834.2
4300,6,18869,33.7507,25.7607,,49752.3,83005
4240,6,13765,44.1882,,,10435,23148.6
4231,6,10731,67.9749,,,10187.7,25316.1
4217,6,8380,72.2268,,,51830.9,49358.8
4201,6,3263,48.3464,,,17051.2,20048.9
4070,6,11413,21.4859,,,9450.92,18234.4
3137,6,6411,11.7279,,,4400.9,19354
3101,6,2607,43.2153,,,13889.9,21659.4
2856,6,12631,25.8177,,,19558.4,25248.9
2787,6,20573,17.2601,,,18164.1,23571.6
2752,6,13898,29.5766,,,31866.7,41743.1
2698,6,3119,22.2438,,,8659.38,30095.9
4556,6,5133,26.7037,,,8767.1,22446.3
4554,6,5097,35.3509,,,14026.7,34577.8
4528,6,4274,25.2786,,,37284.1,56247.7
3526,6,13026,66.3337,42.9377,,23458.2,77055.6
2540,6,20596,38.849,,,10684.6,18156.1
2446,6,10503,62.3934,57.347,,7305.26,18046.9
2232,6,16725,30.8154,,,19640.8,31099.5
2229,6,16390,18.149,,,7551.58,21405.9
2193,6,7360,28.8605,,,22141.6,25169.3
2131,6,9102,32.2834,,,8251.49,22822.8
2948,6,13994,12.735,,,13823,33331.9
2944,6,11907,26.3665,,,25102.8,41185
2937,6,10084,33.6771,,,16432.2,18420.1
2925,6,7442,33.287,,,14272.2,34217
2081,6,10131,19.2497,,,12020.9,17164.4
2051,6,20524,13.7203,,,9565.37,29872.3
2044,6,19117,35.8915,,,37006.8,60577.7
2024,6,11974,34.6246,,,17243.5,29802.9
2014,6,8986,39.4188,,,9296.13,17180.4
1990,6,5667,41.3508,,,88823.4,116933
1974,6,370,28.0531,,,24294.8,56251.1
1950,6,19463,51.0106,52.1463,,16946.8,41581.1
1862,6,29495,29.5598,,,12489.2,24136.6
1846,6,9873,50.1824,,,15482.3,27365.7
1824,6,7907,33.1622,,,15266.8,30265.1
1782,6,4862,33.2114,,,38435.7,75453.2
1763,6,3271,37.575,,,8035.31,21536.6
1750,6,1942,38.0107,,,7700.72,18487.2
1745,6,1734,34.9474,,,59521.8,75178.3
1742,6,1485,72.6493,44.59,,10796.4,55865
1700,6,4370,34.8174,,,27568.3,43193.5
1685,6,9293,39.712,,,5475.93,20853.5
1666,6,18846,7.77446,,,3540.16,17884.5
1665,6,18748,19.5787,,,7847.87,25100.4
1651,6,17078,26.3557,,,25400.7,36077.8
1634,6,24483,18.114,,,11961.4,35562.3
1499,6,15166,19.5539,,,10754.9,55545.6
1431,6,13058,27.063,,,56220.3,56299.8
1365,6,10159,28.6773,,,15315.7,20157.8
1353,6,9913,54.0131,,,8274.87,34660.9
1336,6,35692,51.5482,,,11132.9,21450.4
1308,6,22710,7.44554,,,2869.08,28929
1273,6,4400,34.8207,,,23490.7,26352.1
1226,6,21349,25.8392,,,3075.95,23318.8
1165,6,31241,53.6855,,,9570.87,30209.2
1070,6,30796,37.6441,28.7639,,23598.9,105059
1047,6,20818,36.1511,23.0622,,22957.9,48771.2
1046,6,20771,90.5526,61.2328,,24726.9,32962.7
1016,6,27777,39,,,,
971,6,17896,56.1715,,,5708.57,28731
923,6,16477,51.6181,,,53241,149540
916,6,28672,34,,,,
770,6,28377,38,,,,
761,6,11466,41.7612,,,15021.2,60829.2
1512,6,15696,36.3228,,,17063.7,32425.5
727,6,10484,39.595,,,4834.43,23977.4
724,6,28147,74,,,,
686,6,27798,75,,,,
465,6,117,63.9628,39.4276,,23501.4,73676.9
442,6,14327,23.7919,,,23842.9,48850.7
416,6,2665,16.8964,,,7059.43,23164
414,6,1423,24.9428,,,37879.2,34749.8
395,6,17111,24.0608,,,15004.8,44030.8
303,6,19440,19.3534,,,9486.7,17768.5
294,6,15393,22.3175,,,10035,32504.9
274,6,35762,11.0782,,,1584.56,16612.3
